2015-08-28 10:32:07.716,BSXPCMessage received error for message: Connection interrupted
2015-08-28 10:32:10.710,0.572440
2015-08-28 10:32:10.713,0.572440
2015-08-28 10:32:10.759,0.597549
2015-08-28 10:32:10.763,0.597549
2015-08-28 10:32:10.807,0.673094
2015-08-28 10:32:10.810,0.673094
2015-08-28 10:32:10.853,0.713617
2015-08-28 10:32:10.857,0.713617
2015-08-28 10:32:10.901,0.685403
2015-08-28 10:32:10.904,0.685403
2015-08-28 10:32:10.947,0.694009
2015-08-28 10:32:10.950,0.694009
2015-08-28 10:32:10.995,0.721786
2015-08-28 10:32:10.998,0.721786
2015-08-28 10:32:11.048,0.745752
2015-08-28 10:32:11.051,0.745752
2015-08-28 10:32:11.096,0.773965
2015-08-28 10:32:11.099,0.773965
2015-08-28 10:32:11.145,0.805556
2015-08-28 10:32:11.148,0.805556
2015-08-28 10:32:11.196,0.808235
2015-08-28 10:32:11.199,0.808235
2015-08-28 10:32:11.248,0.803039
2015-08-28 10:32:11.251,0.803039
2015-08-28 10:32:11.300,0.809569
2015-08-28 10:32:11.303,0.809569
2015-08-28 10:32:11.350,0.846774
2015-08-28 10:32:11.353,0.846774
2015-08-28 10:32:11.401,0.870160
2015-08-28 10:32:11.404,0.870160
2015-08-28 10:32:11.451,0.832157
2015-08-28 10:32:11.453,0.832157
2015-08-28 10:32:11.502,0.849098
2015-08-28 10:32:11.504,0.849098
2015-08-28 10:32:11.551,0.812549
2015-08-28 10:32:11.553,0.812549
2015-08-28 10:32:11.601,0.815216
2015-08-28 10:32:11.604,0.815216
2015-08-28 10:32:11.652,0.794938
2015-08-28 10:32:11.655,0.794938
2015-08-28 10:32:11.704,0.767843
2015-08-28 10:32:11.707,0.767843
2015-08-28 10:32:11.756,0.835722
2015-08-28 10:32:11.759,0.835722
2015-08-28 10:32:11.808,0.846588
2015-08-28 10:32:11.810,0.846588
2015-08-28 10:32:11.859,0.845333
2015-08-28 10:32:11.862,0.845333
2015-08-28 10:32:11.910,0.815784
2015-08-28 10:32:11.912,0.815784
2015-08-28 10:32:11.961,0.777941
2015-08-28 10:32:11.963,0.777941
2015-08-28 10:32:12.014,0.840078
2015-08-28 10:32:12.016,0.840078
2015-08-28 10:32:12.066,0.831275
2015-08-28 10:32:12.068,0.831275
2015-08-28 10:32:12.116,0.793137
2015-08-28 10:32:12.119,0.793137
2015-08-28 10:32:12.167,0.812059
2015-08-28 10:32:12.169,0.812059
2015-08-28 10:32:12.217,0.789216
2015-08-28 10:32:12.219,0.789216
2015-08-28 10:32:12.268,0.780078
2015-08-28 10:32:12.271,0.780078
2015-08-28 10:32:12.318,0.787216
2015-08-28 10:32:12.320,0.787216
2015-08-28 10:32:12.369,0.811373
2015-08-28 10:32:12.371,0.811373
2015-08-28 10:32:12.418,0.787373
2015-08-28 10:32:12.420,0.787373
2015-08-28 10:32:12.468,0.805686
2015-08-28 10:32:12.470,0.805686
2015-08-28 10:32:12.518,0.823137
2015-08-28 10:32:12.520,0.823137
2015-08-28 10:32:12.569,0.758075
2015-08-28 10:32:12.572,0.758075
2015-08-28 10:32:12.620,0.821647
2015-08-28 10:32:12.622,0.821647
2015-08-28 10:32:12.670,0.783725
2015-08-28 10:32:12.673,0.783725
2015-08-28 10:32:12.721,0.775588
2015-08-28 10:32:12.723,0.775588
2015-08-28 10:32:12.771,0.761765
2015-08-28 10:32:12.773,0.761765
2015-08-28 10:32:12.821,0.750098
2015-08-28 10:32:12.823,0.750098
2015-08-28 10:32:12.871,0.776961
2015-08-28 10:32:12.873,0.776961
2015-08-28 10:32:12.921,0.823235
2015-08-28 10:32:12.924,0.823235
2015-08-28 10:32:12.972,0.813882
2015-08-28 10:32:12.974,0.813882
2015-08-28 10:32:13.022,0.761863
2015-08-28 10:32:13.025,0.761863
2015-08-28 10:32:13.073,0.751569
2015-08-28 10:32:13.075,0.751569
2015-08-28 10:32:13.122,0.782647
2015-08-28 10:32:13.125,0.782647
2015-08-28 10:32:13.171,0.707843
2015-08-28 10:32:13.173,0.707843
2015-08-28 10:32:13.220,0.761471
2015-08-28 10:32:13.223,0.761471
2015-08-28 10:32:13.271,0.784020
2015-08-28 10:32:13.273,0.784020
2015-08-28 10:32:13.320,0.785784
2015-08-28 10:32:13.322,0.785784
2015-08-28 10:32:13.368,0.747451
2015-08-28 10:32:13.370,0.747451
2015-08-28 10:32:13.416,0.752059
2015-08-28 10:32:13.419,0.752059
2015-08-28 10:32:13.465,0.755588
2015-08-28 10:32:13.468,0.755588
2015-08-28 10:32:13.514,0.794804
2015-08-28 10:32:13.517,0.794804
2015-08-28 10:32:13.563,0.755686
2015-08-28 10:32:13.566,0.755686
2015-08-28 10:32:13.613,0.765882
2015-08-28 10:32:13.615,0.765882
2015-08-28 10:32:13.663,0.749706
2015-08-28 10:32:13.666,0.749706
2015-08-28 10:32:13.713,0.743137
2015-08-28 10:32:13.715,0.743137
2015-08-28 10:32:13.762,0.788627
2015-08-28 10:32:13.764,0.788627
2015-08-28 10:32:13.811,0.787745
2015-08-28 10:32:13.813,0.787745
2015-08-28 10:32:13.860,0.744804
2015-08-28 10:32:13.862,0.744804
2015-08-28 10:32:13.909,0.756706
2015-08-28 10:32:13.911,0.756706
2015-08-28 10:32:13.958,0.747549
2015-08-28 10:32:13.961,0.747549
2015-08-28 10:32:14.006,0.790490
2015-08-28 10:32:14.008,0.790490
2015-08-28 10:32:14.057,0.796569
2015-08-28 10:32:14.059,0.796569
2015-08-28 10:32:14.106,0.800784
2015-08-28 10:32:14.108,0.800784
2015-08-28 10:32:14.155,0.733824
2015-08-28 10:32:14.157,0.733824
2015-08-28 10:32:14.203,0.750686
2015-08-28 10:32:14.206,0.750686
2015-08-28 10:32:14.251,0.778235
2015-08-28 10:32:14.253,0.778235
2015-08-28 10:32:14.300,0.800784
2015-08-28 10:32:14.302,0.800784
2015-08-28 10:32:14.350,0.791667
2015-08-28 10:32:14.352,0.791667
2015-08-28 10:32:14.399,0.711961
2015-08-28 10:32:14.402,0.711961
2015-08-28 10:32:14.449,0.744314
2015-08-28 10:32:14.451,0.744314
2015-08-28 10:32:14.499,0.790882
2015-08-28 10:32:14.501,0.790882
2015-08-28 10:32:14.548,0.793235
2015-08-28 10:32:14.550,0.793235
2015-08-28 10:32:14.598,0.732647
2015-08-28 10:32:14.600,0.732647
2015-08-28 10:32:14.648,0.740588
2015-08-28 10:32:14.650,0.740588
2015-08-28 10:32:14.698,0.791667
2015-08-28 10:32:14.700,0.791667
2015-08-28 10:32:14.747,0.764902
2015-08-28 10:32:14.749,0.764902
2015-08-28 10:32:14.797,0.734902
2015-08-28 10:32:14.799,0.734902
2015-08-28 10:32:14.846,0.740392
2015-08-28 10:32:14.849,0.740392
2015-08-28 10:32:14.896,0.792157
2015-08-28 10:32:14.898,0.792157
2015-08-28 10:32:14.945,0.780196
2015-08-28 10:32:14.947,0.780196
2015-08-28 10:32:14.994,0.714706
2015-08-28 10:32:14.996,0.714706
2015-08-28 10:32:15.046,0.735686
2015-08-28 10:32:15.049,0.735686
2015-08-28 10:32:15.096,0.767059
2015-08-28 10:32:15.099,0.767059
2015-08-28 10:32:15.147,0.795000
2015-08-28 10:32:15.150,0.795000
2015-08-28 10:32:15.197,0.770392
2015-08-28 10:32:15.200,0.770392
2015-08-28 10:32:15.248,0.716863
2015-08-28 10:32:15.251,0.716863
2015-08-28 10:32:15.298,0.754608
2015-08-28 10:32:15.301,0.754608
2015-08-28 10:32:15.355,0.750000
2015-08-28 10:32:15.360,0.750000
2015-08-28 10:32:15.408,0.773922
2015-08-28 10:32:15.410,0.773922
2015-08-28 10:32:15.457,0.736863
2015-08-28 10:32:15.460,0.736863
2015-08-28 10:32:15.506,0.759510
2015-08-28 10:32:15.509,0.759510
2015-08-28 10:32:15.557,0.768431
2015-08-28 10:32:15.560,0.768431
2015-08-28 10:32:15.607,0.693333
2015-08-28 10:32:15.610,0.693333
2015-08-28 10:32:15.659,0.685621
2015-08-28 10:32:15.662,0.685621
2015-08-28 10:32:15.711,0.746950
2015-08-28 10:32:15.714,0.746950
2015-08-28 10:32:15.761,0.705338
2015-08-28 10:32:15.763,0.705338
2015-08-28 10:32:15.811,0.766471
2015-08-28 10:32:15.813,0.766471
2015-08-28 10:32:15.861,0.691176
2015-08-28 10:32:15.864,0.691176
2015-08-28 10:32:15.911,0.713072
2015-08-28 10:32:15.913,0.713072
2015-08-28 10:32:15.959,0.689760
2015-08-28 10:32:15.962,0.689760
2015-08-28 10:32:16.009,0.718922
2015-08-28 10:32:16.012,0.718922
2015-08-28 10:32:16.058,0.721275
2015-08-28 10:32:16.061,0.721275
2015-08-28 10:32:16.107,0.756765
2015-08-28 10:32:16.109,0.756765
2015-08-28 10:32:16.158,0.747451
2015-08-28 10:32:16.160,0.747451
2015-08-28 10:32:16.207,0.752288
2015-08-28 10:32:16.209,0.752288
2015-08-28 10:32:16.257,0.755980
2015-08-28 10:32:16.259,0.755980
2015-08-28 10:32:16.306,0.750686
2015-08-28 10:32:16.308,0.750686
2015-08-28 10:32:16.355,0.747930
2015-08-28 10:32:16.358,0.747930
2015-08-28 10:32:16.404,0.683987
2015-08-28 10:32:16.407,0.683987
2015-08-28 10:32:16.454,0.683660
2015-08-28 10:32:16.456,0.683660
2015-08-28 10:32:16.502,0.699314
2015-08-28 10:32:16.505,0.699314
2015-08-28 10:32:16.551,0.757157
2015-08-28 10:32:16.553,0.757157
2015-08-28 10:32:16.600,0.700980
2015-08-28 10:32:16.602,0.700980
2015-08-28 10:32:16.663,0.724608
2015-08-28 10:32:16.683,0.724608
2015-08-28 10:32:16.743,0.757549
2015-08-28 10:32:16.746,0.757549
2015-08-28 10:32:16.801,0.748333
2015-08-28 10:32:16.803,0.748333
2015-08-28 10:32:16.851,0.715196
2015-08-28 10:32:16.854,0.715196
2015-08-28 10:32:16.902,0.720392
2015-08-28 10:32:16.904,0.720392
2015-08-28 10:32:16.951,0.757255
2015-08-28 10:32:16.954,0.757255
2015-08-28 10:32:17.001,0.758333
2015-08-28 10:32:17.005,0.758333
2015-08-28 10:32:17.052,0.727843
2015-08-28 10:32:17.054,0.727843
2015-08-28 10:32:17.101,0.704706
2015-08-28 10:32:17.104,0.704706
2015-08-28 10:32:17.151,0.707941
2015-08-28 10:32:17.153,0.707941
2015-08-28 10:32:17.201,0.721275
2015-08-28 10:32:17.203,0.721275
2015-08-28 10:32:17.250,0.765098
2015-08-28 10:32:17.253,0.765098
2015-08-28 10:32:17.300,0.757059
2015-08-28 10:32:17.303,0.757059
2015-08-28 10:32:17.351,0.726275
2015-08-28 10:32:17.353,0.726275
2015-08-28 10:32:17.401,0.765588
2015-08-28 10:32:17.403,0.765588
2015-08-28 10:32:17.451,0.763039
2015-08-28 10:32:17.453,0.763039
2015-08-28 10:32:17.500,0.707745
2015-08-28 10:32:17.503,0.707745
2015-08-28 10:32:17.550,0.760392
2015-08-28 10:32:17.553,0.760392
2015-08-28 10:32:17.600,0.721765
2015-08-28 10:32:17.603,0.721765
2015-08-28 10:32:17.650,0.757647
2015-08-28 10:32:17.652,0.757647
2015-08-28 10:32:17.699,0.690000
2015-08-28 10:32:17.702,0.690000
2015-08-28 10:32:17.748,0.756667
2015-08-28 10:32:17.751,0.756667
2015-08-28 10:32:17.798,0.754902
2015-08-28 10:32:17.800,0.754902
2015-08-28 10:32:17.848,0.723627
2015-08-28 10:32:17.850,0.723627
2015-08-28 10:32:17.898,0.748333
2015-08-28 10:32:17.900,0.748333
2015-08-28 10:32:17.947,0.690588
2015-08-28 10:32:17.949,0.690588
2015-08-28 10:32:17.996,0.713922
2015-08-28 10:32:17.999,0.713922
2015-08-28 10:32:18.045,0.706961
2015-08-28 10:32:18.048,0.706961
2015-08-28 10:32:18.095,0.715882
2015-08-28 10:32:18.098,0.715882
2015-08-28 10:32:18.145,0.765392
2015-08-28 10:32:18.148,0.765392
2015-08-28 10:32:18.196,0.729902
2015-08-28 10:32:18.198,0.729902
2015-08-28 10:32:18.244,0.700588
2015-08-28 10:32:18.247,0.700588
2015-08-28 10:32:18.294,0.734902
2015-08-28 10:32:18.297,0.734902
2015-08-28 10:32:18.343,0.742745
2015-08-28 10:32:18.346,0.742745
2015-08-28 10:32:18.393,0.741471
2015-08-28 10:32:18.396,0.741471
2015-08-28 10:32:18.443,0.701765
2015-08-28 10:32:18.446,0.701765
2015-08-28 10:32:18.492,0.750882
2015-08-28 10:32:18.495,0.750882
2015-08-28 10:32:18.542,0.705588
2015-08-28 10:32:18.544,0.705588
2015-08-28 10:32:18.591,0.734216
2015-08-28 10:32:18.593,0.734216
2015-08-28 10:32:18.640,0.772941
2015-08-28 10:32:18.642,0.772941
2015-08-28 10:32:18.689,0.730294
2015-08-28 10:32:18.691,0.730294
2015-08-28 10:32:18.738,0.739412
2015-08-28 10:32:18.740,0.739412
2015-08-28 10:32:18.787,0.702941
2015-08-28 10:32:18.790,0.702941
2015-08-28 10:32:18.836,0.734608
2015-08-28 10:32:18.839,0.734608
2015-08-28 10:32:18.885,0.767059
2015-08-28 10:32:18.887,0.767059
2015-08-28 10:32:18.934,0.757451
2015-08-28 10:32:18.936,0.757451
2015-08-28 10:32:18.983,0.736078
2015-08-28 10:32:18.986,0.736078
2015-08-28 10:32:19.034,0.768431
2015-08-28 10:32:19.037,0.768431
2015-08-28 10:32:19.084,0.746373
2015-08-28 10:32:19.087,0.746373
2015-08-28 10:32:19.134,0.683224
2015-08-28 10:32:19.136,0.683224
2015-08-28 10:32:19.184,0.763824
2015-08-28 10:32:19.186,0.763824
2015-08-28 10:32:19.234,0.751667
2015-08-28 10:32:19.237,0.751667
2015-08-28 10:32:19.284,0.743137
2015-08-28 10:32:19.287,0.743137
2015-08-28 10:32:19.334,0.717549
2015-08-28 10:32:19.337,0.717549
2015-08-28 10:32:19.384,0.690523
2015-08-28 10:32:19.387,0.690523
2015-08-28 10:32:19.434,0.762059
2015-08-28 10:32:19.437,0.762059
2015-08-28 10:32:19.484,0.747549
2015-08-28 10:32:19.487,0.747549
2015-08-28 10:32:19.534,0.764510
2015-08-28 10:32:19.536,0.764510
2015-08-28 10:32:19.584,0.726569
2015-08-28 10:32:19.588,0.726569
2015-08-28 10:32:19.634,0.718039
2015-08-28 10:32:19.636,0.718039
2015-08-28 10:32:19.683,0.751275
2015-08-28 10:32:19.685,0.751275
2015-08-28 10:32:19.734,0.720980
2015-08-28 10:32:19.736,0.720980
2015-08-28 10:32:19.783,0.760980
2015-08-28 10:32:19.785,0.760980
2015-08-28 10:32:19.833,0.757255
2015-08-28 10:32:19.835,0.757255
2015-08-28 10:32:19.882,0.721667
2015-08-28 10:32:19.884,0.721667
2015-08-28 10:32:19.932,0.759020
2015-08-28 10:32:19.935,0.759020
2015-08-28 10:32:19.981,0.734510
2015-08-28 10:32:19.984,0.734510
2015-08-28 10:32:20.033,0.773333
2015-08-28 10:32:20.036,0.773333
2015-08-28 10:32:20.084,0.734118
2015-08-28 10:32:20.087,0.734118
2015-08-28 10:32:20.138,0.728824
2015-08-28 10:32:20.140,0.728824
2015-08-28 10:32:20.187,0.722647
2015-08-28 10:32:20.190,0.722647
2015-08-28 10:32:20.236,0.749782
2015-08-28 10:32:20.239,0.749782
2015-08-28 10:32:20.287,0.730882
2015-08-28 10:32:20.290,0.730882
2015-08-28 10:32:20.336,0.717059
2015-08-28 10:32:20.339,0.717059
2015-08-28 10:32:20.387,0.747549
2015-08-28 10:32:20.390,0.747549
2015-08-28 10:32:20.436,0.697059
2015-08-28 10:32:20.439,0.697059
2015-08-28 10:32:20.486,0.716765
2015-08-28 10:32:20.489,0.716765
2015-08-28 10:32:20.534,0.713824
2015-08-28 10:32:20.536,0.713824
2015-08-28 10:32:20.584,0.743725
2015-08-28 10:32:20.587,0.743725
2015-08-28 10:32:20.634,0.757353
2015-08-28 10:32:20.636,0.757353
2015-08-28 10:32:20.683,0.698431
2015-08-28 10:32:20.685,0.698431
2015-08-28 10:32:20.732,0.766176
2015-08-28 10:32:20.734,0.766176
2015-08-28 10:32:20.781,0.758333
2015-08-28 10:32:20.784,0.758333
2015-08-28 10:32:20.831,0.759902
2015-08-28 10:32:20.833,0.759902
2015-08-28 10:32:20.880,0.745686
2015-08-28 10:32:20.883,0.745686
2015-08-28 10:32:20.931,0.761373
2015-08-28 10:32:20.933,0.761373
2015-08-28 10:32:20.980,0.771765
2015-08-28 10:32:20.983,0.771765
2015-08-28 10:32:21.031,0.728824
2015-08-28 10:32:21.033,0.728824
2015-08-28 10:32:21.080,0.731373
2015-08-28 10:32:21.083,0.731373
2015-08-28 10:32:21.130,0.719902
2015-08-28 10:32:21.133,0.719902
2015-08-28 10:32:21.180,0.701078
2015-08-28 10:32:21.182,0.701078
2015-08-28 10:32:21.230,0.727059
2015-08-28 10:32:21.232,0.727059
2015-08-28 10:32:21.278,0.702505
2015-08-28 10:32:21.280,0.702505
2015-08-28 10:32:21.328,0.710098
2015-08-28 10:32:21.330,0.710098
2015-08-28 10:32:21.377,0.750588
2015-08-28 10:32:21.379,0.750588
2015-08-28 10:32:21.426,0.729216
2015-08-28 10:32:21.429,0.729216
2015-08-28 10:32:21.476,0.765196
2015-08-28 10:32:21.478,0.765196
2015-08-28 10:32:21.524,0.724020
2015-08-28 10:32:21.526,0.724020
2015-08-28 10:32:21.573,0.770098
2015-08-28 10:32:21.575,0.770098
2015-08-28 10:32:21.621,0.703824
2015-08-28 10:32:21.623,0.703824
2015-08-28 10:32:21.670,0.777059
2015-08-28 10:32:21.672,0.777059
2015-08-28 10:32:21.718,0.715468
2015-08-28 10:32:21.720,0.715468
2015-08-28 10:32:21.766,0.699129
2015-08-28 10:32:21.769,0.699129
2015-08-28 10:32:21.815,0.694336
2015-08-28 10:32:21.818,0.694336
2015-08-28 10:32:21.865,0.764216
2015-08-28 10:32:21.867,0.764216
2015-08-28 10:32:21.915,0.699804
2015-08-28 10:32:21.917,0.699804
2015-08-28 10:32:21.965,0.760392
2015-08-28 10:32:21.967,0.760392
2015-08-28 10:32:22.015,0.693431
2015-08-28 10:32:22.017,0.693431
2015-08-28 10:32:22.065,0.714706
2015-08-28 10:32:22.067,0.714706
2015-08-28 10:32:22.114,0.690000
2015-08-28 10:32:22.117,0.690000
2015-08-28 10:32:22.164,0.692059
2015-08-28 10:32:22.166,0.692059
2015-08-28 10:32:22.213,0.701667
2015-08-28 10:32:22.215,0.701667
2015-08-28 10:32:22.263,0.730000
2015-08-28 10:32:22.265,0.730000
2015-08-28 10:32:22.312,0.735000
2015-08-28 10:32:22.315,0.735000
2015-08-28 10:32:22.362,0.767745
2015-08-28 10:32:22.364,0.767745
2015-08-28 10:32:22.410,0.721471
2015-08-28 10:32:22.412,0.721471
2015-08-28 10:32:22.460,0.766373
2015-08-28 10:32:22.462,0.766373
2015-08-28 10:32:22.508,0.763235
2015-08-28 10:32:22.511,0.763235
2015-08-28 10:32:22.557,0.719608
2015-08-28 10:32:22.559,0.719608
2015-08-28 10:32:22.605,0.715000
2015-08-28 10:32:22.607,0.715000
2015-08-28 10:32:22.651,0.688671
2015-08-28 10:32:22.654,0.688671
2015-08-28 10:32:22.701,0.686492
2015-08-28 10:32:22.703,0.686492
2015-08-28 10:32:22.749,0.757451
2015-08-28 10:32:22.752,0.757451
2015-08-28 10:32:22.798,0.718235
2015-08-28 10:32:22.801,0.718235
2015-08-28 10:32:22.848,0.760000
2015-08-28 10:32:22.850,0.760000
2015-08-28 10:32:22.898,0.720784
2015-08-28 10:32:22.900,0.720784
2015-08-28 10:32:22.946,0.698137
2015-08-28 10:32:22.948,0.698137
2015-08-28 10:32:22.995,0.721373
2015-08-28 10:32:22.998,0.721373
2015-08-28 10:32:23.044,0.708725
2015-08-28 10:32:23.046,0.708725
2015-08-28 10:32:23.093,0.727157
2015-08-28 10:32:23.095,0.727157
2015-08-28 10:32:23.140,0.713039
2015-08-28 10:32:23.142,0.713039
2015-08-28 10:32:23.188,0.743824
2015-08-28 10:32:23.191,0.743824
2015-08-28 10:32:23.236,0.698627
2015-08-28 10:32:23.239,0.698627
2015-08-28 10:32:23.285,0.735882
2015-08-28 10:32:23.287,0.735882
2015-08-28 10:32:23.334,0.771667
2015-08-28 10:32:23.336,0.771667
2015-08-28 10:32:23.383,0.736863
2015-08-28 10:32:23.386,0.736863
2015-08-28 10:32:23.433,0.743039
2015-08-28 10:32:23.436,0.743039
2015-08-28 10:32:23.482,0.705490
2015-08-28 10:32:23.485,0.705490
2015-08-28 10:32:23.531,0.755000
2015-08-28 10:32:23.533,0.755000
2015-08-28 10:32:23.580,0.778039
2015-08-28 10:32:23.583,0.778039
2015-08-28 10:32:23.630,0.778824
2015-08-28 10:32:23.633,0.778824
2015-08-28 10:32:23.680,0.705490
2015-08-28 10:32:23.683,0.705490
2015-08-28 10:32:23.730,0.752353
2015-08-28 10:32:23.733,0.752353
2015-08-28 10:32:23.780,0.757059
2015-08-28 10:32:23.783,0.757059
2015-08-28 10:32:23.831,0.697745
2015-08-28 10:32:23.834,0.697745
2015-08-28 10:32:23.881,0.751961
2015-08-28 10:32:23.884,0.751961
2015-08-28 10:32:23.931,0.691503
2015-08-28 10:32:23.934,0.691503
2015-08-28 10:32:23.981,0.693246
2015-08-28 10:32:23.984,0.693246
2015-08-28 10:32:24.033,0.696176
2015-08-28 10:32:24.036,0.696176
2015-08-28 10:32:24.083,0.695534
2015-08-28 10:32:24.087,0.695534
2015-08-28 10:32:24.134,0.716961
2015-08-28 10:32:24.137,0.716961
2015-08-28 10:32:24.184,0.695784
2015-08-28 10:32:24.187,0.695784
2015-08-28 10:32:24.234,0.695752
2015-08-28 10:32:24.236,0.695752
2015-08-28 10:32:24.283,0.759608
2015-08-28 10:32:24.287,0.759608
2015-08-28 10:32:24.334,0.692810
2015-08-28 10:32:24.337,0.692810
2015-08-28 10:32:24.383,0.766176
2015-08-28 10:32:24.387,0.766176
2015-08-28 10:32:24.434,0.721961
2015-08-28 10:32:24.437,0.721961
2015-08-28 10:32:24.483,0.696863
2015-08-28 10:32:24.486,0.696863
2015-08-28 10:32:24.533,0.712157
2015-08-28 10:32:24.536,0.712157
2015-08-28 10:32:24.584,0.754902
2015-08-28 10:32:24.586,0.754902
2015-08-28 10:32:24.633,0.757255
2015-08-28 10:32:24.635,0.757255
2015-08-28 10:32:24.682,0.695000
2015-08-28 10:32:24.686,0.695000
2015-08-28 10:32:24.732,0.750196
2015-08-28 10:32:24.734,0.750196
2015-08-28 10:32:24.781,0.749216
2015-08-28 10:32:24.785,0.749216
2015-08-28 10:32:24.832,0.758922
2015-08-28 10:32:24.834,0.758922
2015-08-28 10:32:24.881,0.756078
2015-08-28 10:32:24.885,0.756078
2015-08-28 10:32:24.932,0.714314
2015-08-28 10:32:24.935,0.714314
2015-08-28 10:32:24.982,0.736176
2015-08-28 10:32:24.986,0.736176
2015-08-28 10:32:25.034,0.758824
2015-08-28 10:32:25.037,0.758824
2015-08-28 10:32:25.085,0.753824
2015-08-28 10:32:25.088,0.753824
2015-08-28 10:32:25.138,0.692157
2015-08-28 10:32:25.140,0.692157
2015-08-28 10:32:25.188,0.695392
2015-08-28 10:32:25.191,0.695392
2015-08-28 10:32:25.236,0.736863
2015-08-28 10:32:25.239,0.736863
2015-08-28 10:32:25.285,0.742157
2015-08-28 10:32:25.288,0.742157
2015-08-28 10:32:25.334,0.696569
2015-08-28 10:32:25.336,0.696569
2015-08-28 10:32:25.384,0.755392
2015-08-28 10:32:25.387,0.755392
2015-08-28 10:32:25.434,0.695784
2015-08-28 10:32:25.437,0.695784
2015-08-28 10:32:25.485,0.752157
2015-08-28 10:32:25.487,0.752157
2015-08-28 10:32:25.534,0.733235
2015-08-28 10:32:25.537,0.733235
2015-08-28 10:32:25.585,0.752157
2015-08-28 10:32:25.588,0.752157
2015-08-28 10:32:25.634,0.735588
2015-08-28 10:32:25.636,0.735588
2015-08-28 10:32:25.683,0.761961
2015-08-28 10:32:25.686,0.761961
2015-08-28 10:32:25.733,0.762843
2015-08-28 10:32:25.736,0.762843
2015-08-28 10:32:25.784,0.719706
2015-08-28 10:32:25.787,0.719706
2015-08-28 10:32:25.833,0.758725
2015-08-28 10:32:25.836,0.758725
2015-08-28 10:32:25.884,0.696569
2015-08-28 10:32:25.887,0.696569
2015-08-28 10:32:25.934,0.726569
2015-08-28 10:32:25.936,0.726569
2015-08-28 10:32:25.983,0.690588
2015-08-28 10:32:25.985,0.690588
2015-08-28 10:32:26.032,0.691275
2015-08-28 10:32:26.035,0.691275
2015-08-28 10:32:26.081,0.692353
2015-08-28 10:32:26.084,0.692353
2015-08-28 10:32:26.131,0.755980
2015-08-28 10:32:26.134,0.755980
2015-08-28 10:32:26.181,0.694706
2015-08-28 10:32:26.184,0.694706
2015-08-28 10:32:26.231,0.732255
2015-08-28 10:32:26.233,0.732255
2015-08-28 10:32:26.280,0.758431
2015-08-28 10:32:26.283,0.758431
2015-08-28 10:32:26.330,0.691863
2015-08-28 10:32:26.332,0.691863
2015-08-28 10:32:26.378,0.751569
2015-08-28 10:32:26.381,0.751569
2015-08-28 10:32:26.428,0.709118
2015-08-28 10:32:26.431,0.709118
2015-08-28 10:32:26.477,0.687146
2015-08-28 10:32:26.479,0.687146
2015-08-28 10:32:26.526,0.750545
2015-08-28 10:32:26.529,0.750545
2015-08-28 10:32:26.574,0.718192
2015-08-28 10:32:26.577,0.718192
2015-08-28 10:32:26.625,0.748366
2015-08-28 10:32:26.628,0.748366
2015-08-28 10:32:26.674,0.722941
2015-08-28 10:32:26.677,0.722941
2015-08-28 10:32:26.723,0.716078
2015-08-28 10:32:26.725,0.716078
2015-08-28 10:32:26.771,0.695196
2015-08-28 10:32:26.773,0.695196
2015-08-28 10:32:26.818,0.753431
2015-08-28 10:32:26.820,0.753431
2015-08-28 10:32:26.868,0.751667
2015-08-28 10:32:26.870,0.751667
2015-08-28 10:32:26.917,0.713824
2015-08-28 10:32:26.919,0.713824
2015-08-28 10:32:26.965,0.685948
2015-08-28 10:32:26.968,0.685948
2015-08-28 10:32:27.018,0.714020
2015-08-28 10:32:27.021,0.714020
2015-08-28 10:32:27.067,0.774412
2015-08-28 10:32:27.070,0.774412
2015-08-28 10:32:27.116,0.769902
2015-08-28 10:32:27.119,0.769902
2015-08-28 10:32:27.167,0.723725
2015-08-28 10:32:27.169,0.723725
2015-08-28 10:32:27.217,0.717745
2015-08-28 10:32:27.220,0.717745
2015-08-28 10:32:27.267,0.768627
2015-08-28 10:32:27.270,0.768627
2015-08-28 10:32:27.317,0.755196
2015-08-28 10:32:27.320,0.755196
2015-08-28 10:32:27.366,0.714706
2015-08-28 10:32:27.369,0.714706
2015-08-28 10:32:27.417,0.751176
2015-08-28 10:32:27.420,0.751176
2015-08-28 10:32:27.468,0.756961
2015-08-28 10:32:27.471,0.756961
2015-08-28 10:32:27.517,0.691667
2015-08-28 10:32:27.520,0.691667
2015-08-28 10:32:27.567,0.726765
2015-08-28 10:32:27.569,0.726765
2015-08-28 10:32:27.616,0.726275
2015-08-28 10:32:27.618,0.726275
2015-08-28 10:32:27.665,0.731078
2015-08-28 10:32:27.667,0.731078
2015-08-28 10:32:27.714,0.745752
2015-08-28 10:32:27.717,0.745752
2015-08-28 10:32:27.763,0.753333
2015-08-28 10:32:27.765,0.753333
2015-08-28 10:32:27.812,0.745861
2015-08-28 10:32:27.814,0.745861
2015-08-28 10:32:27.861,0.714510
2015-08-28 10:32:27.863,0.714510
2015-08-28 10:32:27.910,0.696275
2015-08-28 10:32:27.913,0.696275
2015-08-28 10:32:27.960,0.693137
2015-08-28 10:32:27.962,0.693137
2015-08-28 10:32:28.008,0.718137
2015-08-28 10:32:28.010,0.718137
2015-08-28 10:32:28.057,0.751471
2015-08-28 10:32:28.060,0.751471
2015-08-28 10:32:28.106,0.734902
2015-08-28 10:32:28.108,0.734902
2015-08-28 10:32:28.155,0.713725
2015-08-28 10:32:28.157,0.713725
2015-08-28 10:32:28.203,0.759804
2015-08-28 10:32:28.205,0.759804
2015-08-28 10:32:28.252,0.754020
2015-08-28 10:32:28.254,0.754020
2015-08-28 10:32:28.301,0.723529
2015-08-28 10:32:28.303,0.723529
2015-08-28 10:32:28.351,0.729314
2015-08-28 10:32:28.353,0.729314
2015-08-28 10:32:28.401,0.764216
2015-08-28 10:32:28.403,0.764216
2015-08-28 10:32:28.449,0.733235
2015-08-28 10:32:28.451,0.733235
2015-08-28 10:32:28.498,0.716667
2015-08-28 10:32:28.501,0.716667
2015-08-28 10:32:28.548,0.715490
2015-08-28 10:32:28.551,0.715490
2015-08-28 10:32:28.597,0.752647
2015-08-28 10:32:28.600,0.752647
2015-08-28 10:32:28.649,0.707941
2015-08-28 10:32:28.652,0.707941
2015-08-28 10:32:28.698,0.727549
2015-08-28 10:32:28.701,0.727549
2015-08-28 10:32:28.749,0.775980
2015-08-28 10:32:28.752,0.775980
2015-08-28 10:32:28.799,0.701176
2015-08-28 10:32:28.802,0.701176
2015-08-28 10:32:28.849,0.735980
2015-08-28 10:32:28.852,0.735980
2015-08-28 10:32:28.899,0.758039
2015-08-28 10:32:28.902,0.758039
2015-08-28 10:32:28.949,0.761765
2015-08-28 10:32:28.951,0.761765
2015-08-28 10:32:28.999,0.763039
2015-08-28 10:32:29.002,0.763039
2015-08-28 10:32:29.051,0.719020
2015-08-28 10:32:29.054,0.719020
2015-08-28 10:32:29.101,0.762157
2015-08-28 10:32:29.104,0.762157
2015-08-28 10:32:29.151,0.719412
2015-08-28 10:32:29.154,0.719412
2015-08-28 10:32:29.200,0.694336
2015-08-28 10:32:29.203,0.694336
2015-08-28 10:32:29.249,0.698235
2015-08-28 10:32:29.251,0.698235
2015-08-28 10:32:29.298,0.760196
2015-08-28 10:32:29.300,0.760196
2015-08-28 10:32:29.346,0.696471
2015-08-28 10:32:29.350,0.696471
2015-08-28 10:32:29.396,0.718333
2015-08-28 10:32:29.398,0.718333
2015-08-28 10:32:29.446,0.756209
2015-08-28 10:32:29.449,0.756209
2015-08-28 10:32:29.495,0.688780
2015-08-28 10:32:29.497,0.688780
2015-08-28 10:32:29.543,0.692157
2015-08-28 10:32:29.546,0.692157
2015-08-28 10:32:29.592,0.697941
2015-08-28 10:32:29.595,0.697941
2015-08-28 10:32:29.641,0.759902
2015-08-28 10:32:29.643,0.759902
2015-08-28 10:32:29.690,0.699608
2015-08-28 10:32:29.692,0.699608
2015-08-28 10:32:29.737,0.762157
2015-08-28 10:32:29.739,0.762157
2015-08-28 10:32:29.785,0.756078
2015-08-28 10:32:29.788,0.756078
2015-08-28 10:32:29.833,0.752843
2015-08-28 10:32:29.836,0.752843
2015-08-28 10:32:29.884,0.755784
2015-08-28 10:32:29.886,0.755784
2015-08-28 10:32:29.933,0.693039
2015-08-28 10:32:29.935,0.693039
2015-08-28 10:32:29.983,0.714020
2015-08-28 10:32:29.985,0.714020
2015-08-28 10:32:30.033,0.698039
2015-08-28 10:32:30.036,0.698039
2015-08-28 10:32:30.083,0.719412
2015-08-28 10:32:30.086,0.719412
2015-08-28 10:32:30.136,0.694444
2015-08-28 10:32:30.139,0.694444
2015-08-28 10:32:30.185,0.695098
2015-08-28 10:32:30.188,0.695098
2015-08-28 10:32:30.235,0.757353
2015-08-28 10:32:30.237,0.757353
2015-08-28 10:32:30.284,0.714608
2015-08-28 10:32:30.287,0.714608
2015-08-28 10:32:30.333,0.740392
2015-08-28 10:32:30.336,0.740392
2015-08-28 10:32:30.384,0.735686
2015-08-28 10:32:30.386,0.735686
2015-08-28 10:32:30.434,0.757843
2015-08-28 10:32:30.436,0.757843
2015-08-28 10:32:30.483,0.756765
2015-08-28 10:32:30.486,0.756765
2015-08-28 10:32:30.533,0.754608
2015-08-28 10:32:30.536,0.754608
2015-08-28 10:32:30.583,0.753529
2015-08-28 10:32:30.586,0.753529
2015-08-28 10:32:30.633,0.713627
2015-08-28 10:32:30.635,0.713627
2015-08-28 10:32:30.683,0.784118
2015-08-28 10:32:30.685,0.784118
2015-08-28 10:32:30.732,0.712647
2015-08-28 10:32:30.735,0.712647
2015-08-28 10:32:30.783,0.775686
2015-08-28 10:32:30.785,0.775686
2015-08-28 10:32:30.832,0.774706
2015-08-28 10:32:30.834,0.774706
2015-08-28 10:32:30.881,0.761275
2015-08-28 10:32:30.884,0.761275
2015-08-28 10:32:30.931,0.711656
2015-08-28 10:32:30.933,0.711656
2015-08-28 10:32:30.980,0.753137
2015-08-28 10:32:30.982,0.753137
2015-08-28 10:32:31.030,0.713039
2015-08-28 10:32:31.032,0.713039
2015-08-28 10:32:31.078,0.749314
2015-08-28 10:32:31.081,0.749314
2015-08-28 10:32:31.127,0.724608
2015-08-28 10:32:31.130,0.724608
2015-08-28 10:32:31.176,0.749706
2015-08-28 10:32:31.179,0.749706
2015-08-28 10:32:31.225,0.687941
2015-08-28 10:32:31.227,0.687941
2015-08-28 10:32:31.273,0.756275
2015-08-28 10:32:31.275,0.756275
2015-08-28 10:32:31.322,0.747843
2015-08-28 10:32:31.324,0.747843
2015-08-28 10:32:31.370,0.752451
2015-08-28 10:32:31.372,0.752451
2015-08-28 10:32:31.418,0.752549
2015-08-28 10:32:31.421,0.752549
2015-08-28 10:32:31.467,0.752843
2015-08-28 10:32:31.470,0.752843
2015-08-28 10:32:31.516,0.752255
2015-08-28 10:32:31.518,0.752255
2015-08-28 10:32:31.565,0.746863
2015-08-28 10:32:31.567,0.746863
2015-08-28 10:32:31.614,0.748333
2015-08-28 10:32:31.616,0.748333
2015-08-28 10:32:31.664,0.750882
2015-08-28 10:32:31.666,0.750882
2015-08-28 10:32:31.712,0.690490
2015-08-28 10:32:31.714,0.690490
2015-08-28 10:32:31.760,0.753529
2015-08-28 10:32:31.763,0.753529
2015-08-28 10:32:31.809,0.687745
2015-08-28 10:32:31.812,0.687745
2015-08-28 10:32:31.861,0.728725
2015-08-28 10:32:31.863,0.728725
2015-08-28 10:32:31.909,0.713039
2015-08-28 10:32:31.912,0.713039
2015-08-28 10:32:31.958,0.755294
2015-08-28 10:32:31.960,0.755294
2015-08-28 10:32:32.006,0.730196
2015-08-28 10:32:32.009,0.730196
2015-08-28 10:32:32.055,0.734706
2015-08-28 10:32:32.057,0.734706
2015-08-28 10:32:32.103,0.758235
2015-08-28 10:32:32.105,0.758235
2015-08-28 10:32:32.152,0.760490
2015-08-28 10:32:32.154,0.760490
2015-08-28 10:32:32.201,0.740588
2015-08-28 10:32:32.203,0.740588
2015-08-28 10:32:32.251,0.764608
2015-08-28 10:32:32.253,0.764608
2015-08-28 10:32:32.299,0.720980
2015-08-28 10:32:32.301,0.720980
2015-08-28 10:32:32.347,0.759294
2015-08-28 10:32:32.349,0.759294
2015-08-28 10:32:32.396,0.764412
2015-08-28 10:32:32.398,0.764412
2015-08-28 10:32:32.444,0.751667
2015-08-28 10:32:32.447,0.751667
2015-08-28 10:32:32.493,0.697647
2015-08-28 10:32:32.495,0.697647
2015-08-28 10:32:32.542,0.754804
2015-08-28 10:32:32.544,0.754804
2015-08-28 10:32:32.591,0.731667
2015-08-28 10:32:32.593,0.731667
2015-08-28 10:32:32.639,0.728333
2015-08-28 10:32:32.641,0.728333
2015-08-28 10:32:32.687,0.722353
2015-08-28 10:32:32.689,0.722353
2015-08-28 10:32:32.735,0.750588
2015-08-28 10:32:32.738,0.750588
2015-08-28 10:32:32.785,0.758627
2015-08-28 10:32:32.787,0.758627
2015-08-28 10:32:32.833,0.745686
2015-08-28 10:32:32.835,0.745686
2015-08-28 10:32:32.883,0.756961
2015-08-28 10:32:32.885,0.756961
2015-08-28 10:32:32.931,0.750686
2015-08-28 10:32:32.933,0.750686
2015-08-28 10:32:32.979,0.695294
2015-08-28 10:32:32.981,0.695294
2015-08-28 10:32:33.028,0.745098
2015-08-28 10:32:33.030,0.745098
2015-08-28 10:32:33.076,0.735784
2015-08-28 10:32:33.079,0.735784
2015-08-28 10:32:33.125,0.744118
2015-08-28 10:32:33.128,0.744118
2015-08-28 10:32:33.174,0.745882
2015-08-28 10:32:33.176,0.745882
2015-08-28 10:32:33.221,0.695882
2015-08-28 10:32:33.223,0.695882
2015-08-28 10:32:33.270,0.722059
2015-08-28 10:32:33.272,0.722059
2015-08-28 10:32:33.318,0.773529
2015-08-28 10:32:33.320,0.773529
2015-08-28 10:32:33.367,0.707255
2015-08-28 10:32:33.370,0.707255
2015-08-28 10:32:33.416,0.697157
2015-08-28 10:32:33.419,0.697157
2015-08-28 10:32:33.464,0.696078
2015-08-28 10:32:33.467,0.696078
2015-08-28 10:32:33.512,0.693627
2015-08-28 10:32:33.514,0.693627
2015-08-28 10:32:33.561,0.755392
2015-08-28 10:32:33.563,0.755392
2015-08-28 10:32:33.609,0.759314
2015-08-28 10:32:33.613,0.759314
2015-08-28 10:32:33.659,0.753235
2015-08-28 10:32:33.661,0.753235
2015-08-28 10:32:33.706,0.703137
2015-08-28 10:32:33.708,0.703137
2015-08-28 10:32:33.754,0.707353
2015-08-28 10:32:33.756,0.707353
2015-08-28 10:32:33.802,0.691275
2015-08-28 10:32:33.804,0.691275
2015-08-28 10:32:33.851,0.754216
2015-08-28 10:32:33.853,0.754216
2015-08-28 10:32:33.900,0.713725
2015-08-28 10:32:33.903,0.713725
2015-08-28 10:32:33.949,0.699020
2015-08-28 10:32:33.952,0.699020
2015-08-28 10:32:33.999,0.723235
2015-08-28 10:32:34.001,0.723235
2015-08-28 10:32:34.051,0.759510
2015-08-28 10:32:34.054,0.759510
2015-08-28 10:32:34.100,0.724902
2015-08-28 10:32:34.103,0.724902
2015-08-28 10:32:34.150,0.719608
2015-08-28 10:32:34.153,0.719608
2015-08-28 10:32:34.200,0.700882
2015-08-28 10:32:34.203,0.700882
2015-08-28 10:32:34.250,0.749129
2015-08-28 10:32:34.253,0.749129
2015-08-28 10:32:34.299,0.756754
2015-08-28 10:32:34.302,0.756754
2015-08-28 10:32:34.350,0.725708
2015-08-28 10:32:34.353,0.725708
2015-08-28 10:32:34.399,0.766176
2015-08-28 10:32:34.402,0.766176
2015-08-28 10:32:34.450,0.722451
2015-08-28 10:32:34.453,0.722451
2015-08-28 10:32:34.500,0.763431
2015-08-28 10:32:34.502,0.763431
2015-08-28 10:32:34.549,0.754357
2015-08-28 10:32:34.551,0.754357
2015-08-28 10:32:34.597,0.755338
2015-08-28 10:32:34.599,0.755338
2015-08-28 10:32:34.645,0.697353
2015-08-28 10:32:34.647,0.697353
2015-08-28 10:32:34.694,0.719706
2015-08-28 10:32:34.696,0.719706
2015-08-28 10:32:34.741,0.699118
2015-08-28 10:32:34.745,0.699118
2015-08-28 10:32:34.791,0.761111
2015-08-28 10:32:34.793,0.761111
2015-08-28 10:32:34.838,0.695534
2015-08-28 10:32:34.840,0.695534
2015-08-28 10:32:34.887,0.694118
2015-08-28 10:32:34.889,0.694118
2015-08-28 10:32:34.935,0.716122
2015-08-28 10:32:34.937,0.716122
2015-08-28 10:32:34.984,0.695686
2015-08-28 10:32:34.986,0.695686
2015-08-28 10:32:35.033,0.760980
2015-08-28 10:32:35.035,0.760980
2015-08-28 10:32:35.082,0.704804
2015-08-28 10:32:35.084,0.704804
2015-08-28 10:32:35.131,0.745784
2015-08-28 10:32:35.133,0.745784
2015-08-28 10:32:35.180,0.756373
2015-08-28 10:32:35.183,0.756373
2015-08-28 10:32:35.229,0.763137
2015-08-28 10:32:35.231,0.763137
2015-08-28 10:32:35.277,0.749333
2015-08-28 10:32:35.279,0.749333
2015-08-28 10:32:35.325,0.767255
2015-08-28 10:32:35.328,0.767255
2015-08-28 10:32:35.375,0.758137
2015-08-28 10:32:35.378,0.758137
2015-08-28 10:32:35.424,0.725784
2015-08-28 10:32:35.426,0.725784
2015-08-28 10:32:35.472,0.745000
2015-08-28 10:32:35.475,0.745000
2015-08-28 10:32:35.520,0.748471
2015-08-28 10:32:35.522,0.748471
2015-08-28 10:32:35.568,0.705588
2015-08-28 10:32:35.571,0.705588
2015-08-28 10:32:35.617,0.760588
2015-08-28 10:32:35.620,0.760588
2015-08-28 10:32:35.666,0.742745
2015-08-28 10:32:35.668,0.742745
2015-08-28 10:32:35.716,0.727529
2015-08-28 10:32:35.718,0.727529
2015-08-28 10:32:35.764,0.720196
2015-08-28 10:32:35.767,0.720196
2015-08-28 10:32:35.814,0.738333
2015-08-28 10:32:35.816,0.738333
2015-08-28 10:32:35.862,0.717745
2015-08-28 10:32:35.865,0.717745
2015-08-28 10:32:35.911,0.751569
2015-08-28 10:32:35.913,0.751569
2015-08-28 10:32:35.959,0.709412
2015-08-28 10:32:35.961,0.709412
2015-08-28 10:32:36.007,0.723824
2015-08-28 10:32:36.010,0.723824
2015-08-28 10:32:36.055,0.765784
2015-08-28 10:32:36.057,0.765784
2015-08-28 10:32:36.103,0.722941
2015-08-28 10:32:36.105,0.722941
2015-08-28 10:32:36.152,0.746039
2015-08-28 10:32:36.155,0.746039
2015-08-28 10:32:36.200,0.744000
2015-08-28 10:32:36.202,0.744000
2015-08-28 10:32:36.250,0.721569
2015-08-28 10:32:36.253,0.721569
2015-08-28 10:32:36.299,0.703431
2015-08-28 10:32:36.301,0.703431
2015-08-28 10:32:36.348,0.748471
2015-08-28 10:32:36.350,0.748471
2015-08-28 10:32:36.396,0.764706
2015-08-28 10:32:36.398,0.764706
2015-08-28 10:32:36.445,0.698039
2015-08-28 10:32:36.447,0.698039
2015-08-28 10:32:36.492,0.768863
2015-08-28 10:32:36.495,0.768863
2015-08-28 10:32:36.541,0.769020
2015-08-28 10:32:36.544,0.769020
2015-08-28 10:32:36.589,0.736314
2015-08-28 10:32:36.592,0.736314
2015-08-28 10:32:36.637,0.712299
2015-08-28 10:32:36.640,0.712299
2015-08-28 10:32:36.686,0.765647
2015-08-28 10:32:36.689,0.765647
2015-08-28 10:32:36.735,0.706667
2015-08-28 10:32:36.738,0.706667
2015-08-28 10:32:36.784,0.766431
2015-08-28 10:32:36.787,0.766431
2015-08-28 10:32:36.834,0.723824
2015-08-28 10:32:36.836,0.723824
2015-08-28 10:32:36.883,0.723627
2015-08-28 10:32:36.886,0.723627
2015-08-28 10:32:36.933,0.723333
2015-08-28 10:32:36.935,0.723333
2015-08-28 10:32:36.983,0.742549
2015-08-28 10:32:36.985,0.742549
2015-08-28 10:32:37.032,0.704510
2015-08-28 10:32:37.034,0.704510
2015-08-28 10:32:37.081,0.714706
2015-08-28 10:32:37.083,0.714706
2015-08-28 10:32:37.130,0.694804
2015-08-28 10:32:37.132,0.694804
2015-08-28 10:32:37.178,0.730980
2015-08-28 10:32:37.181,0.730980
2015-08-28 10:32:37.226,0.745882
2015-08-28 10:32:37.228,0.745882
2015-08-28 10:32:37.274,0.769961
2015-08-28 10:32:37.277,0.769961
2015-08-28 10:32:37.323,0.726471
2015-08-28 10:32:37.325,0.726471
2015-08-28 10:32:37.373,0.730824
2015-08-28 10:32:37.376,0.730824
2015-08-28 10:32:37.422,0.727255
2015-08-28 10:32:37.424,0.727255
2015-08-28 10:32:37.472,0.767273
2015-08-28 10:32:37.475,0.767273
2015-08-28 10:32:37.527,0.710275
2015-08-28 10:32:37.530,0.710275
2015-08-28 10:32:37.577,0.763294
2015-08-28 10:32:37.579,0.763294
2015-08-28 10:32:37.627,0.724412
2015-08-28 10:32:37.629,0.724412
2015-08-28 10:32:37.678,0.756373
2015-08-28 10:32:37.681,0.756373
2015-08-28 10:32:37.728,0.737098
2015-08-28 10:32:37.731,0.737098
2015-08-28 10:32:37.778,0.707353
2015-08-28 10:32:37.781,0.707353
2015-08-28 10:32:37.828,0.760098
2015-08-28 10:32:37.830,0.760098
2015-08-28 10:32:37.879,0.768627
2015-08-28 10:32:37.881,0.768627
2015-08-28 10:32:37.929,0.723235
2015-08-28 10:32:37.931,0.723235
2015-08-28 10:32:37.978,0.759314
2015-08-28 10:32:37.981,0.759314
2015-08-28 10:32:38.028,0.755784
2015-08-28 10:32:38.031,0.755784
2015-08-28 10:32:38.078,0.752706
2015-08-28 10:32:38.081,0.752706
2015-08-28 10:32:38.128,0.762353
2015-08-28 10:32:38.130,0.762353
2015-08-28 10:32:38.177,0.742039
2015-08-28 10:32:38.180,0.742039
2015-08-28 10:32:38.227,0.705241
2015-08-28 10:32:38.230,0.705241
2015-08-28 10:32:38.276,0.746025
2015-08-28 10:32:38.279,0.746025
2015-08-28 10:32:38.325,0.691961
2015-08-28 10:32:38.327,0.691961
2015-08-28 10:32:38.373,0.725490
2015-08-28 10:32:38.375,0.725490
2015-08-28 10:32:38.421,0.755765
2015-08-28 10:32:38.423,0.755765
2015-08-28 10:32:38.470,0.691373
2015-08-28 10:32:38.473,0.691373
2015-08-28 10:32:38.519,0.744385
2015-08-28 10:32:38.522,0.744385
2015-08-28 10:32:38.569,0.742246
2015-08-28 10:32:38.572,0.742246
2015-08-28 10:32:38.618,0.716176
2015-08-28 10:32:38.621,0.716176
2015-08-28 10:32:38.667,0.716373
2015-08-28 10:32:38.670,0.716373
2015-08-28 10:32:38.717,0.706078
2015-08-28 10:32:38.720,0.706078
2015-08-28 10:32:38.767,0.723451
2015-08-28 10:32:38.770,0.723451
2015-08-28 10:32:38.818,0.713922
2015-08-28 10:32:38.820,0.713922
2015-08-28 10:32:38.867,0.709412
2015-08-28 10:32:38.870,0.709412
2015-08-28 10:32:38.919,0.712255
2015-08-28 10:32:38.921,0.712255
2015-08-28 10:32:38.969,0.692157
2015-08-28 10:32:38.972,0.692157
2015-08-28 10:32:39.020,0.705882
2015-08-28 10:32:39.023,0.705882
2015-08-28 10:32:39.071,0.758431
2015-08-28 10:32:39.074,0.758431
2015-08-28 10:32:39.121,0.701373
2015-08-28 10:32:39.123,0.701373
2015-08-28 10:32:39.170,0.719608
2015-08-28 10:32:39.173,0.719608
2015-08-28 10:32:39.219,0.747765
2015-08-28 10:32:39.222,0.747765
2015-08-28 10:32:39.268,0.693098
2015-08-28 10:32:39.270,0.693098
2015-08-28 10:32:39.317,0.699294
2015-08-28 10:32:39.320,0.699294
2015-08-28 10:32:39.366,0.696784
2015-08-28 10:32:39.368,0.696784
2015-08-28 10:32:39.415,0.716078
2015-08-28 10:32:39.417,0.716078
2015-08-28 10:32:39.464,0.715882
2015-08-28 10:32:39.466,0.715882
2015-08-28 10:32:39.514,0.747522
2015-08-28 10:32:39.516,0.747522
2015-08-28 10:32:39.562,0.754902
2015-08-28 10:32:39.565,0.754902
2015-08-28 10:32:39.612,0.751471
2015-08-28 10:32:39.614,0.751471
2015-08-28 10:32:39.660,0.751373
2015-08-28 10:32:39.662,0.751373
2015-08-28 10:32:39.709,0.755686
2015-08-28 10:32:39.711,0.755686
2015-08-28 10:32:39.757,0.682638
2015-08-28 10:32:39.760,0.682638
2015-08-28 10:32:39.808,0.748431
2015-08-28 10:32:39.810,0.748431
2015-08-28 10:32:39.856,0.689490
2015-08-28 10:32:39.859,0.689490
2015-08-28 10:32:39.906,0.703815
2015-08-28 10:32:39.909,0.703815
2015-08-28 10:32:39.955,0.735196
2015-08-28 10:32:39.958,0.735196
2015-08-28 10:32:40.005,0.692784
2015-08-28 10:32:40.008,0.692784
2015-08-28 10:32:40.056,0.689098
2015-08-28 10:32:40.058,0.689098
2015-08-28 10:32:40.104,0.744392
2015-08-28 10:32:40.106,0.744392
2015-08-28 10:32:40.155,0.729647
2015-08-28 10:32:40.158,0.729647
2015-08-28 10:32:40.204,0.739679
2015-08-28 10:32:40.207,0.739679
2015-08-28 10:32:40.253,0.736684
2015-08-28 10:32:40.255,0.736684
2015-08-28 10:32:40.303,0.750667
2015-08-28 10:32:40.306,0.750667
2015-08-28 10:32:40.353,0.714745
2015-08-28 10:32:40.356,0.714745
2015-08-28 10:32:40.403,0.708663
2015-08-28 10:32:40.406,0.708663
2015-08-28 10:32:40.456,0.751216
2015-08-28 10:32:40.458,0.751216
2015-08-28 10:32:40.505,0.703102
2015-08-28 10:32:40.508,0.703102
2015-08-28 10:32:40.554,0.691843
2015-08-28 10:32:40.557,0.691843
2015-08-28 10:32:40.604,0.713039
2015-08-28 10:32:40.607,0.713039
2015-08-28 10:32:40.653,0.740535
2015-08-28 10:32:40.656,0.740535
2015-08-28 10:32:40.704,0.752451
2015-08-28 10:32:40.707,0.752451
2015-08-28 10:32:40.753,0.728235
2015-08-28 10:32:40.756,0.728235
2015-08-28 10:32:40.804,0.720784
2015-08-28 10:32:40.807,0.720784
2015-08-28 10:32:40.853,0.720392
2015-08-28 10:32:40.856,0.720392
2015-08-28 10:32:40.905,0.696000
2015-08-28 10:32:40.907,0.696000
2015-08-28 10:32:40.954,0.745176
2015-08-28 10:32:40.957,0.745176
2015-08-28 10:32:41.003,0.752549
2015-08-28 10:32:41.006,0.752549
2015-08-28 10:32:41.056,0.732863
2015-08-28 10:32:41.058,0.732863
2015-08-28 10:32:41.105,0.739608
2015-08-28 10:32:41.107,0.739608
2015-08-28 10:32:41.154,0.715588
2015-08-28 10:32:41.157,0.715588
2015-08-28 10:32:41.204,0.738039
2015-08-28 10:32:41.207,0.738039
2015-08-28 10:32:41.254,0.757961
2015-08-28 10:32:41.256,0.757961
2015-08-28 10:32:41.305,0.749162
2015-08-28 10:32:41.307,0.749162
2015-08-28 10:32:41.354,0.748941
2015-08-28 10:32:41.356,0.748941
2015-08-28 10:32:41.404,0.753255
2015-08-28 10:32:41.407,0.753255
2015-08-28 10:32:41.453,0.754824
2015-08-28 10:32:41.456,0.754824
2015-08-28 10:32:41.504,0.745312
2015-08-28 10:32:41.507,0.745312
2015-08-28 10:32:41.554,0.711515
2015-08-28 10:32:41.556,0.711515
2015-08-28 10:32:41.604,0.736185
2015-08-28 10:32:41.606,0.736185
2015-08-28 10:32:41.654,0.741390
2015-08-28 10:32:41.656,0.741390
2015-08-28 10:32:41.705,0.727451
2015-08-28 10:32:41.707,0.727451
2015-08-28 10:32:41.754,0.715980
2015-08-28 10:32:41.756,0.715980
2015-08-28 10:32:41.805,0.749091
2015-08-28 10:32:41.807,0.749091
2015-08-28 10:32:41.853,0.689333
2015-08-28 10:32:41.856,0.689333
2015-08-28 10:32:41.904,0.732157
2015-08-28 10:32:41.907,0.732157
2015-08-28 10:32:41.954,0.750745
2015-08-28 10:32:41.956,0.750745
2015-08-28 10:32:42.004,0.751059
2015-08-28 10:32:42.007,0.751059
2015-08-28 10:32:42.054,0.745333
2015-08-28 10:32:42.056,0.745333
2015-08-28 10:32:42.104,0.724991
2015-08-28 10:32:42.106,0.724991
2015-08-28 10:32:42.153,0.739893
2015-08-28 10:32:42.155,0.739893
2015-08-28 10:32:42.204,0.713529
2015-08-28 10:32:42.206,0.713529
2015-08-28 10:32:42.253,0.734510
2015-08-28 10:32:42.256,0.734510
2015-08-28 10:32:42.303,0.715579
2015-08-28 10:32:42.306,0.715579
2015-08-28 10:32:42.353,0.714196
2015-08-28 10:32:42.355,0.714196
2015-08-28 10:32:42.402,0.753490
2015-08-28 10:32:42.404,0.753490
2015-08-28 10:32:42.451,0.712392
2015-08-28 10:32:42.454,0.712392
2015-08-28 10:32:42.502,0.748863
2015-08-28 10:32:42.504,0.748863
2015-08-28 10:32:42.551,0.714902
2015-08-28 10:32:42.553,0.714902
2015-08-28 10:32:42.600,0.748784
2015-08-28 10:32:42.603,0.748784
2015-08-28 10:32:42.650,0.727765
2015-08-28 10:32:42.652,0.727765
2015-08-28 10:32:42.699,0.757020
2015-08-28 10:32:42.702,0.757020
2015-08-28 10:32:42.749,0.693961
2015-08-28 10:32:42.751,0.693961
2015-08-28 10:32:42.798,0.686902
2015-08-28 10:32:42.800,0.686902
2015-08-28 10:32:42.848,0.719786
2015-08-28 10:32:42.851,0.719786
2015-08-28 10:32:42.898,0.741176
2015-08-28 10:32:42.901,0.741176
2015-08-28 10:32:42.948,0.713431
2015-08-28 10:32:42.950,0.713431
2015-08-28 10:32:42.997,0.758137
2015-08-28 10:32:43.000,0.758137
2015-08-28 10:32:43.048,0.751216
2015-08-28 10:32:43.050,0.751216
2015-08-28 10:32:43.097,0.756275
2015-08-28 10:32:43.100,0.756275
2015-08-28 10:32:43.150,0.686176
2015-08-28 10:32:43.153,0.686176
2015-08-28 10:32:43.200,0.750431
2015-08-28 10:32:43.204,0.750431
2015-08-28 10:32:43.251,0.688314
2015-08-28 10:32:43.254,0.688314
2015-08-28 10:32:43.302,0.704216
2015-08-28 10:32:43.305,0.704216
2015-08-28 10:32:43.353,0.711176
2015-08-28 10:32:43.356,0.711176
2015-08-28 10:32:43.402,0.719412
2015-08-28 10:32:43.405,0.719412
2015-08-28 10:32:43.452,0.714706
2015-08-28 10:32:43.455,0.714706
2015-08-28 10:32:43.501,0.753961
2015-08-28 10:32:43.505,0.753961
2015-08-28 10:32:43.552,0.683373
2015-08-28 10:32:43.555,0.683373
2015-08-28 10:32:43.602,0.710902
2015-08-28 10:32:43.605,0.710902
2015-08-28 10:32:43.651,0.727216
2015-08-28 10:32:43.654,0.727216
2015-08-28 10:32:43.702,0.749216
2015-08-28 10:32:43.704,0.749216
2015-08-28 10:32:43.751,0.713490
2015-08-28 10:32:43.754,0.713490
2015-08-28 10:32:43.802,0.746667
2015-08-28 10:32:43.805,0.746667
2015-08-28 10:32:43.851,0.749647
2015-08-28 10:32:43.854,0.749647
2015-08-28 10:32:43.901,0.685255
2015-08-28 10:32:43.904,0.685255
2015-08-28 10:32:43.951,0.706039
2015-08-28 10:32:43.954,0.706039
2015-08-28 10:32:44.002,0.698039
2015-08-28 10:32:44.005,0.698039
2015-08-28 10:32:44.053,0.704100
2015-08-28 10:32:44.056,0.704100
2015-08-28 10:32:44.103,0.747137
2015-08-28 10:32:44.106,0.747137
2015-08-28 10:32:44.153,0.702816
2015-08-28 10:32:44.156,0.702816
2015-08-28 10:32:44.203,0.683922
2015-08-28 10:32:44.206,0.683922
2015-08-28 10:32:44.253,0.757255
2015-08-28 10:32:44.256,0.757255
2015-08-28 10:32:44.304,0.748137
2015-08-28 10:32:44.306,0.748137
2015-08-28 10:32:44.352,0.740157
2015-08-28 10:32:44.355,0.740157
2015-08-28 10:32:44.402,0.717725
2015-08-28 10:32:44.404,0.717725
2015-08-28 10:32:44.451,0.728157
2015-08-28 10:32:44.453,0.728157
2015-08-28 10:32:44.500,0.688706
2015-08-28 10:32:44.503,0.688706
2015-08-28 10:32:44.550,0.752549
2015-08-28 10:32:44.553,0.752549
2015-08-28 10:32:44.599,0.734118
2015-08-28 10:32:44.602,0.734118
2015-08-28 10:32:44.648,0.708137
2015-08-28 10:32:44.651,0.708137
2015-08-28 10:32:44.698,0.707255
2015-08-28 10:32:44.700,0.707255
2015-08-28 10:32:44.746,0.715843
2015-08-28 10:32:44.749,0.715843
2015-08-28 10:32:44.795,0.687353
2015-08-28 10:32:44.798,0.687353
2015-08-28 10:32:44.844,0.693039
2015-08-28 10:32:44.847,0.693039
2015-08-28 10:32:44.892,0.715294
2015-08-28 10:32:44.894,0.715294
2015-08-28 10:32:44.941,0.750902
2015-08-28 10:32:44.943,0.750902
2015-08-28 10:32:44.989,0.711471
2015-08-28 10:32:44.991,0.711471
2015-08-28 10:32:45.038,0.735882
2015-08-28 10:32:45.040,0.735882
2015-08-28 10:32:45.086,0.733412
2015-08-28 10:32:45.089,0.733412
2015-08-28 10:32:45.137,0.751843
2015-08-28 10:32:45.139,0.751843
2015-08-28 10:32:45.186,0.732843
2015-08-28 10:32:45.189,0.732843
2015-08-28 10:32:45.236,0.710000
2015-08-28 10:32:45.238,0.710000
2015-08-28 10:32:45.285,0.722496
2015-08-28 10:32:45.288,0.722496
2015-08-28 10:32:45.334,0.743294
2015-08-28 10:32:45.337,0.743294
2015-08-28 10:32:45.383,0.703039
2015-08-28 10:32:45.386,0.703039
2015-08-28 10:32:45.432,0.721725
2015-08-28 10:32:45.435,0.721725
2015-08-28 10:32:45.482,0.735451
2015-08-28 10:32:45.484,0.735451
2015-08-28 10:32:45.530,0.686902
2015-08-28 10:32:45.533,0.686902
2015-08-28 10:32:45.579,0.720549
2015-08-28 10:32:45.581,0.720549
2015-08-28 10:32:45.627,0.735373
2015-08-28 10:32:45.629,0.735373
2015-08-28 10:32:45.675,0.737647
2015-08-28 10:32:45.678,0.737647
2015-08-28 10:32:45.723,0.721412
2015-08-28 10:32:45.726,0.721412
2015-08-28 10:32:45.773,0.682196
2015-08-28 10:32:45.775,0.682196
2015-08-28 10:32:45.820,0.702959
2015-08-28 10:32:45.822,0.702959
2015-08-28 10:32:45.868,0.740157
2015-08-28 10:32:45.870,0.740157
2015-08-28 10:32:45.917,0.683922
2015-08-28 10:32:45.919,0.683922
2015-08-28 10:32:45.967,0.699109
2015-08-28 10:32:45.969,0.699109
2015-08-28 10:32:46.017,0.733262
2015-08-28 10:32:46.019,0.733262
2015-08-28 10:32:46.065,0.713725
2015-08-28 10:32:46.068,0.713725
2015-08-28 10:32:46.114,0.717804
2015-08-28 10:32:46.116,0.717804
2015-08-28 10:32:46.163,0.758824
2015-08-28 10:32:46.165,0.758824
2015-08-28 10:32:46.212,0.733255
2015-08-28 10:32:46.215,0.733255
2015-08-28 10:32:46.261,0.755098
2015-08-28 10:32:46.263,0.755098
2015-08-28 10:32:46.310,0.699529
2015-08-28 10:32:46.313,0.699529
2015-08-28 10:32:46.359,0.733882
2015-08-28 10:32:46.361,0.733882
2015-08-28 10:32:46.407,0.697412
2015-08-28 10:32:46.409,0.697412
2015-08-28 10:32:46.455,0.693690
2015-08-28 10:32:46.457,0.693690
2015-08-28 10:32:46.504,0.755294
2015-08-28 10:32:46.506,0.755294
2015-08-28 10:32:46.552,0.726588
2015-08-28 10:32:46.555,0.726588
2015-08-28 10:32:46.601,0.719020
2015-08-28 10:32:46.604,0.719020
2015-08-28 10:32:46.650,0.716235
2015-08-28 10:32:46.653,0.716235
2015-08-28 10:32:46.701,0.751765
2015-08-28 10:32:46.703,0.751765
2015-08-28 10:32:46.750,0.720549
2015-08-28 10:32:46.753,0.720549
2015-08-28 10:32:46.800,0.759706
2015-08-28 10:32:46.803,0.759706
2015-08-28 10:32:46.850,0.744314
2015-08-28 10:32:46.852,0.744314
2015-08-28 10:32:46.900,0.722431
2015-08-28 10:32:46.904,0.722431
2015-08-28 10:32:46.950,0.733647
2015-08-28 10:32:46.954,0.733647
2015-08-28 10:32:47.003,0.757255
2015-08-28 10:32:47.006,0.757255
2015-08-28 10:32:47.054,0.755137
2015-08-28 10:32:47.056,0.755137
2015-08-28 10:32:47.103,0.760000
2015-08-28 10:32:47.106,0.760000
2015-08-28 10:32:47.152,0.717176
2015-08-28 10:32:47.154,0.717176
2015-08-28 10:32:47.201,0.725412
2015-08-28 10:32:47.203,0.725412
2015-08-28 10:32:47.250,0.684392
2015-08-28 10:32:47.252,0.684392
2015-08-28 10:32:47.299,0.714902
2015-08-28 10:32:47.301,0.714902
2015-08-28 10:32:47.347,0.742902
2015-08-28 10:32:47.350,0.742902
2015-08-28 10:32:47.396,0.721804
2015-08-28 10:32:47.399,0.721804
2015-08-28 10:32:47.446,0.715137
2015-08-28 10:32:47.448,0.715137
2015-08-28 10:32:47.495,0.747686
2015-08-28 10:32:47.497,0.747686
2015-08-28 10:32:47.543,0.681333
2015-08-28 10:32:47.545,0.681333
2015-08-28 10:32:47.591,0.722118
2015-08-28 10:32:47.594,0.722118
2015-08-28 10:32:47.640,0.734980
2015-08-28 10:32:47.642,0.734980
2015-08-28 10:32:47.687,0.733627
2015-08-28 10:32:47.689,0.733627
2015-08-28 10:32:47.737,0.724157
2015-08-28 10:32:47.739,0.724157
2015-08-28 10:32:47.785,0.757549
2015-08-28 10:32:47.788,0.757549
2015-08-28 10:32:47.834,0.710980
2015-08-28 10:32:47.836,0.710980
2015-08-28 10:32:47.883,0.703431
2015-08-28 10:32:47.885,0.703431
2015-08-28 10:32:47.932,0.728627
2015-08-28 10:32:47.934,0.728627
2015-08-28 10:32:47.982,0.749255
2015-08-28 10:32:47.984,0.749255
2015-08-28 10:32:48.036,0.719686
2015-08-28 10:32:48.038,0.719686
2015-08-28 10:32:48.084,0.706196
2015-08-28 10:32:48.086,0.706196
2015-08-28 10:32:48.133,0.746863
2015-08-28 10:32:48.135,0.746863
2015-08-28 10:32:48.181,0.740157
2015-08-28 10:32:48.183,0.740157
2015-08-28 10:32:48.231,0.742510
2015-08-28 10:32:48.233,0.742510
2015-08-28 10:32:48.280,0.738275
2015-08-28 10:32:48.282,0.738275
2015-08-28 10:32:48.329,0.714367
2015-08-28 10:32:48.332,0.714367
2015-08-28 10:32:48.377,0.706863
2015-08-28 10:32:48.380,0.706863
2015-08-28 10:32:48.425,0.699109
2015-08-28 10:32:48.428,0.699109
2015-08-28 10:32:48.475,0.753882
2015-08-28 10:32:48.477,0.753882
2015-08-28 10:32:48.523,0.728863
2015-08-28 10:32:48.525,0.728863
2015-08-28 10:32:48.572,0.726588
2015-08-28 10:32:48.574,0.726588
2015-08-28 10:32:48.620,0.746275
2015-08-28 10:32:48.622,0.746275
2015-08-28 10:32:48.668,0.716000
2015-08-28 10:32:48.671,0.716000
2015-08-28 10:32:48.717,0.690196
2015-08-28 10:32:48.719,0.690196
2015-08-28 10:32:48.766,0.752647
2015-08-28 10:32:48.768,0.752647
2015-08-28 10:32:48.815,0.739394
2015-08-28 10:32:48.817,0.739394
2015-08-28 10:32:48.864,0.746196
2015-08-28 10:32:48.866,0.746196
2015-08-28 10:32:48.912,0.681854
2015-08-28 10:32:48.915,0.681854
2015-08-28 10:32:48.962,0.681490
2015-08-28 10:32:48.965,0.681490
2015-08-28 10:32:49.013,0.737398
2015-08-28 10:32:49.015,0.737398
2015-08-28 10:32:49.061,0.714980
2015-08-28 10:32:49.064,0.714980
2015-08-28 10:32:49.111,0.728549
2015-08-28 10:32:49.113,0.728549
2015-08-28 10:32:49.160,0.723608
2015-08-28 10:32:49.162,0.723608
2015-08-28 10:32:49.209,0.693020
2015-08-28 10:32:49.211,0.693020
2015-08-28 10:32:49.258,0.685134
2015-08-28 10:32:49.260,0.685134
2015-08-28 10:32:49.305,0.691337
2015-08-28 10:32:49.308,0.691337
2015-08-28 10:32:49.354,0.726353
2015-08-28 10:32:49.356,0.726353
2015-08-28 10:32:49.403,0.719144
2015-08-28 10:32:49.405,0.719144
2015-08-28 10:32:49.450,0.705098
2015-08-28 10:32:49.453,0.705098
2015-08-28 10:32:49.500,0.683765
2015-08-28 10:32:49.502,0.683765
2015-08-28 10:32:49.548,0.683351
2015-08-28 10:32:49.550,0.683351
2015-08-28 10:32:49.597,0.732745
2015-08-28 10:32:49.600,0.732745
2015-08-28 10:32:49.646,0.721490
2015-08-28 10:32:49.649,0.721490
2015-08-28 10:32:49.695,0.690824
2015-08-28 10:32:49.698,0.690824
2015-08-28 10:32:49.745,0.735098
2015-08-28 10:32:49.748,0.735098
2015-08-28 10:32:49.795,0.761961
2015-08-28 10:32:49.798,0.761961
2015-08-28 10:32:49.845,0.697353
2015-08-28 10:32:49.848,0.697353
2015-08-28 10:32:49.895,0.710196
2015-08-28 10:32:49.898,0.710196
2015-08-28 10:32:49.944,0.702888
2015-08-28 10:32:49.947,0.702888
2015-08-28 10:32:49.994,0.686902
2015-08-28 10:32:49.998,0.686902
2015-08-28 10:32:50.047,0.708824
2015-08-28 10:32:50.050,0.708824
2015-08-28 10:32:50.096,0.716765
2015-08-28 10:32:50.099,0.716765
2015-08-28 10:32:50.148,0.714314
2015-08-28 10:32:50.151,0.714314
2015-08-28 10:32:50.198,0.753922
2015-08-28 10:32:50.201,0.753922
2015-08-28 10:32:50.248,0.690392
2015-08-28 10:32:50.251,0.690392
2015-08-28 10:32:50.297,0.727745
2015-08-28 10:32:50.300,0.727745
2015-08-28 10:32:50.347,0.713647
2015-08-28 10:32:50.350,0.713647
2015-08-28 10:32:50.396,0.754902
2015-08-28 10:32:50.399,0.754902
2015-08-28 10:32:50.446,0.757941
2015-08-28 10:32:50.448,0.757941
2015-08-28 10:32:50.495,0.708333
2015-08-28 10:32:50.498,0.708333
2015-08-28 10:32:50.544,0.711176
2015-08-28 10:32:50.547,0.711176
2015-08-28 10:32:50.594,0.754706
2015-08-28 10:32:50.597,0.754706
2015-08-28 10:32:50.644,0.693431
2015-08-28 10:32:50.647,0.693431
2015-08-28 10:32:50.693,0.752745
2015-08-28 10:32:50.697,0.752745
2015-08-28 10:32:50.743,0.753431
2015-08-28 10:32:50.746,0.753431
2015-08-28 10:32:50.793,0.756275
2015-08-28 10:32:50.796,0.756275
2015-08-28 10:32:50.843,0.735882
2015-08-28 10:32:50.845,0.735882
2015-08-28 10:32:50.892,0.700749
2015-08-28 10:32:50.895,0.700749
2015-08-28 10:32:50.943,0.759118
2015-08-28 10:32:50.945,0.759118
2015-08-28 10:32:50.992,0.691373
2015-08-28 10:32:50.994,0.691373
2015-08-28 10:32:51.043,0.739216
2015-08-28 10:32:51.045,0.739216
2015-08-28 10:32:51.091,0.706863
2015-08-28 10:32:51.093,0.706863
2015-08-28 10:32:51.138,0.756176
2015-08-28 10:32:51.141,0.756176
2015-08-28 10:32:51.187,0.750588
2015-08-28 10:32:51.189,0.750588
2015-08-28 10:32:51.237,0.711765
2015-08-28 10:32:51.239,0.711765
2015-08-28 10:32:51.286,0.744235
2015-08-28 10:32:51.288,0.744235
2015-08-28 10:32:51.335,0.745098
2015-08-28 10:32:51.337,0.745098
2015-08-28 10:32:51.384,0.684627
2015-08-28 10:32:51.386,0.684627
2015-08-28 10:32:51.433,0.682039
2015-08-28 10:32:51.435,0.682039
2015-08-28 10:32:51.482,0.728392
2015-08-28 10:32:51.484,0.728392
2015-08-28 10:32:51.530,0.750667
2015-08-28 10:32:51.532,0.750667
2015-08-28 10:32:51.579,0.722824
2015-08-28 10:32:51.581,0.722824
2015-08-28 10:32:51.627,0.740471
2015-08-28 10:32:51.630,0.740471
2015-08-28 10:32:51.676,0.719529
2015-08-28 10:32:51.678,0.719529
2015-08-28 10:32:51.724,0.723608
2015-08-28 10:32:51.727,0.723608
2015-08-28 10:32:51.774,0.723529
2015-08-28 10:32:51.776,0.723529
2015-08-28 10:32:51.822,0.715137
2015-08-28 10:32:51.824,0.715137
2015-08-28 10:32:51.871,0.698324
2015-08-28 10:32:51.873,0.698324
2015-08-28 10:32:51.920,0.745961
2015-08-28 10:32:51.922,0.745961
2015-08-28 10:32:51.970,0.745176
2015-08-28 10:32:51.972,0.745176
2015-08-28 10:32:52.019,0.686745
2015-08-28 10:32:52.021,0.686745
2015-08-28 10:32:52.070,0.732941
2015-08-28 10:32:52.073,0.732941
2015-08-28 10:32:52.120,0.737469
2015-08-28 10:32:52.122,0.737469
2015-08-28 10:32:52.169,0.682709
2015-08-28 10:32:52.172,0.682709
2015-08-28 10:32:52.218,0.686588
2015-08-28 10:32:52.221,0.686588
2015-08-28 10:32:52.267,0.746745
2015-08-28 10:32:52.269,0.746745
2015-08-28 10:32:52.315,0.702451
2015-08-28 10:32:52.318,0.702451
2015-08-28 10:32:52.364,0.711176
2015-08-28 10:32:52.366,0.711176
2015-08-28 10:32:52.413,0.745020
2015-08-28 10:32:52.415,0.745020
2015-08-28 10:32:52.462,0.756078
2015-08-28 10:32:52.464,0.756078
2015-08-28 10:32:52.511,0.692549
2015-08-28 10:32:52.513,0.692549
2015-08-28 10:32:52.559,0.733333
2015-08-28 10:32:52.562,0.733333
2015-08-28 10:32:52.608,0.689902
2015-08-28 10:32:52.610,0.689902
2015-08-28 10:32:52.655,0.728784
2015-08-28 10:32:52.657,0.728784
2015-08-28 10:32:52.704,0.748235
2015-08-28 10:32:52.706,0.748235
2015-08-28 10:32:52.754,0.750686
2015-08-28 10:32:52.756,0.750686
2015-08-28 10:32:52.803,0.731765
2015-08-28 10:32:52.805,0.731765
2015-08-28 10:32:52.851,0.743059
2015-08-28 10:32:52.854,0.743059
2015-08-28 10:32:52.901,0.750882
2015-08-28 10:32:52.903,0.750882
2015-08-28 10:32:52.950,0.706667
2015-08-28 10:32:52.953,0.706667
2015-08-28 10:32:53.000,0.685686
2015-08-28 10:32:53.002,0.685686
2015-08-28 10:32:53.051,0.750294
2015-08-28 10:32:53.054,0.750294
2015-08-28 10:32:53.101,0.689902
2015-08-28 10:32:53.104,0.689902
2015-08-28 10:32:53.149,0.726275
2015-08-28 10:32:53.151,0.726275
2015-08-28 10:32:53.197,0.714667
2015-08-28 10:32:53.199,0.714667
2015-08-28 10:32:53.246,0.707549
2015-08-28 10:32:53.248,0.707549
2015-08-28 10:32:53.295,0.708520
2015-08-28 10:32:53.297,0.708520
2015-08-28 10:32:53.343,0.688725
2015-08-28 10:32:53.345,0.688725
2015-08-28 10:32:53.390,0.732157
2015-08-28 10:32:53.393,0.732157
2015-08-28 10:32:53.438,0.753098
2015-08-28 10:32:53.440,0.753098
2015-08-28 10:32:53.487,0.730824
2015-08-28 10:32:53.489,0.730824
2015-08-28 10:32:53.536,0.705588
2015-08-28 10:32:53.538,0.705588
2015-08-28 10:32:53.584,0.750980
2015-08-28 10:32:53.587,0.750980
2015-08-28 10:32:53.634,0.750294
2015-08-28 10:32:53.636,0.750294
2015-08-28 10:32:53.682,0.729510
2015-08-28 10:32:53.684,0.729510
2015-08-28 10:32:53.730,0.699822
2015-08-28 10:32:53.733,0.699822
2015-08-28 10:32:53.780,0.689554
2015-08-28 10:32:53.782,0.689554
2015-08-28 10:32:53.828,0.710510
2015-08-28 10:32:53.831,0.710510
2015-08-28 10:32:53.877,0.747686
2015-08-28 10:32:53.880,0.747686
2015-08-28 10:32:53.925,0.710039
2015-08-28 10:32:53.929,0.710039
2015-08-28 10:32:53.975,0.726118
2015-08-28 10:32:53.978,0.726118
2015-08-28 10:32:54.026,0.707094
2015-08-28 10:32:54.029,0.707094
2015-08-28 10:32:54.076,0.744392
2015-08-28 10:32:54.079,0.744392
2015-08-28 10:32:54.125,0.725020
2015-08-28 10:32:54.128,0.725020
2015-08-28 10:32:54.174,0.753333
2015-08-28 10:32:54.176,0.753333
2015-08-28 10:32:54.223,0.715098
2015-08-28 10:32:54.225,0.715098
2015-08-28 10:32:54.272,0.711373
2015-08-28 10:32:54.274,0.711373
2015-08-28 10:32:54.321,0.740891
2015-08-28 10:32:54.324,0.740891
2015-08-28 10:32:54.371,0.709590
2015-08-28 10:32:54.373,0.709590
2015-08-28 10:32:54.419,0.718902
2015-08-28 10:32:54.422,0.718902
2015-08-28 10:32:54.469,0.730902
2015-08-28 10:32:54.471,0.730902
2015-08-28 10:32:54.517,0.749961
2015-08-28 10:32:54.519,0.749961
2015-08-28 10:32:54.566,0.736961
2015-08-28 10:32:54.568,0.736961
2015-08-28 10:32:54.614,0.714980
2015-08-28 10:32:54.616,0.714980
2015-08-28 10:32:54.663,0.686667
2015-08-28 10:32:54.666,0.686667
2015-08-28 10:32:54.712,0.740606
2015-08-28 10:32:54.714,0.740606
2015-08-28 10:32:54.761,0.686417
2015-08-28 10:32:54.763,0.686417
2015-08-28 10:32:54.809,0.754314
2015-08-28 10:32:54.811,0.754314
2015-08-28 10:32:54.857,0.754902
2015-08-28 10:32:54.860,0.754902
2015-08-28 10:32:54.905,0.694196
2015-08-28 10:32:54.907,0.694196
2015-08-28 10:32:54.954,0.745811
2015-08-28 10:32:54.956,0.745811
2015-08-28 10:32:55.004,0.696157
2015-08-28 10:32:55.007,0.696157
2015-08-28 10:32:55.053,0.696627
2015-08-28 10:32:55.055,0.696627
2015-08-28 10:32:55.103,0.697020
2015-08-28 10:32:55.105,0.697020
2015-08-28 10:32:55.153,0.708431
2015-08-28 10:32:55.155,0.708431
2015-08-28 10:32:55.202,0.758922
2015-08-28 10:32:55.204,0.758922
2015-08-28 10:32:55.251,0.756569
2015-08-28 10:32:55.253,0.756569
2015-08-28 10:32:55.300,0.716314
2015-08-28 10:32:55.302,0.716314
2015-08-28 10:32:55.348,0.750392
2015-08-28 10:32:55.350,0.750392
2015-08-28 10:32:55.397,0.750294
2015-08-28 10:32:55.400,0.750294
2015-08-28 10:32:55.445,0.710686
2015-08-28 10:32:55.448,0.710686
2015-08-28 10:32:55.494,0.753235
2015-08-28 10:32:55.497,0.753235
2015-08-28 10:32:55.543,0.710000
2015-08-28 10:32:55.545,0.710000
2015-08-28 10:32:55.591,0.753039
2015-08-28 10:32:55.594,0.753039
2015-08-28 10:32:55.639,0.736176
2015-08-28 10:32:55.641,0.736176
2015-08-28 10:32:55.688,0.760294
2015-08-28 10:32:55.690,0.760294
2015-08-28 10:32:55.737,0.702353
2015-08-28 10:32:55.739,0.702353
2015-08-28 10:32:55.786,0.717451
2015-08-28 10:32:55.788,0.717451
2015-08-28 10:32:55.834,0.713529
2015-08-28 10:32:55.836,0.713529
2015-08-28 10:32:55.882,0.767216
2015-08-28 10:32:55.884,0.767216
2015-08-28 10:32:55.931,0.760882
2015-08-28 10:32:55.933,0.760882
2015-08-28 10:32:55.979,0.754118
2015-08-28 10:32:55.981,0.754118
2015-08-28 10:32:56.029,0.753333
2015-08-28 10:32:56.031,0.753333
2015-08-28 10:32:56.078,0.715784
2015-08-28 10:32:56.080,0.715784
2015-08-28 10:32:56.126,0.707451
2015-08-28 10:32:56.128,0.707451
2015-08-28 10:32:56.173,0.691275
2015-08-28 10:32:56.175,0.691275
2015-08-28 10:32:56.221,0.712549
2015-08-28 10:32:56.224,0.712549
2015-08-28 10:32:56.271,0.712627
2015-08-28 10:32:56.273,0.712627
2015-08-28 10:32:56.319,0.761098
2015-08-28 10:32:56.321,0.761098
2015-08-28 10:32:56.368,0.765588
2015-08-28 10:32:56.370,0.765588
2015-08-28 10:32:56.416,0.743886
2015-08-28 10:32:56.418,0.743886
2015-08-28 10:32:56.465,0.769626
2015-08-28 10:32:56.467,0.769626
2015-08-28 10:32:56.513,0.766631
2015-08-28 10:32:56.515,0.766631
2015-08-28 10:32:56.562,0.731337
2015-08-28 10:32:56.564,0.731337
2015-08-28 10:32:56.609,0.708592
2015-08-28 10:32:56.612,0.708592
2015-08-28 10:32:56.657,0.716961
2015-08-28 10:32:56.660,0.716961
2015-08-28 10:32:56.705,0.717255
2015-08-28 10:32:56.708,0.717255
2015-08-28 10:32:56.754,0.718137
2015-08-28 10:32:56.757,0.718137
2015-08-28 10:32:56.803,0.710902
2015-08-28 10:32:56.806,0.710902
2015-08-28 10:32:56.851,0.735116
2015-08-28 10:32:56.853,0.735116
2015-08-28 10:32:56.900,0.750294
2015-08-28 10:32:56.903,0.750294
2015-08-28 10:32:56.949,0.713137
2015-08-28 10:32:56.951,0.713137
2015-08-28 10:32:56.997,0.768485
2015-08-28 10:32:57.000,0.768485
2015-08-28 10:32:57.046,0.731052
2015-08-28 10:32:57.048,0.731052
2015-08-28 10:32:57.094,0.751373
2015-08-28 10:32:57.096,0.751373
2015-08-28 10:32:57.142,0.745597
2015-08-28 10:32:57.144,0.745597
2015-08-28 10:32:57.189,0.770118
2015-08-28 10:32:57.192,0.770118
2015-08-28 10:32:57.237,0.763066
2015-08-28 10:32:57.239,0.763066
2015-08-28 10:32:57.284,0.762139
2015-08-28 10:32:57.287,0.762139
2015-08-28 10:32:57.332,0.764848
2015-08-28 10:32:57.335,0.764848
2015-08-28 10:32:57.381,0.768235
2015-08-28 10:32:57.383,0.768235
2015-08-28 10:32:57.429,0.729510
2015-08-28 10:32:57.431,0.729510
2015-08-28 10:32:57.477,0.754216
2015-08-28 10:32:57.479,0.754216
2015-08-28 10:32:57.525,0.751176
2015-08-28 10:32:57.527,0.751176
2015-08-28 10:32:57.572,0.688529
2015-08-28 10:32:57.574,0.688529
2015-08-28 10:32:57.621,0.727941
2015-08-28 10:32:57.623,0.727941
2015-08-28 10:32:57.669,0.725098
2015-08-28 10:32:57.671,0.725098
2015-08-28 10:32:57.717,0.688137
2015-08-28 10:32:57.720,0.688137
2015-08-28 10:32:57.766,0.746275
2015-08-28 10:32:57.768,0.746275
2015-08-28 10:32:57.815,0.744510
2015-08-28 10:32:57.817,0.744510
2015-08-28 10:32:57.863,0.744020
2015-08-28 10:32:57.866,0.744020
2015-08-28 10:32:57.911,0.783137
2015-08-28 10:32:57.914,0.783137
2015-08-28 10:32:57.959,0.755000
2015-08-28 10:32:57.961,0.755000
2015-08-28 10:32:58.009,0.775098
2015-08-28 10:32:58.012,0.775098
2015-08-28 10:32:58.060,0.717353
2015-08-28 10:32:58.063,0.717353
2015-08-28 10:32:58.109,0.785392
2015-08-28 10:32:58.112,0.785392
2015-08-28 10:32:58.158,0.788137
2015-08-28 10:32:58.161,0.788137
2015-08-28 10:32:58.207,0.735784
2015-08-28 10:32:58.210,0.735784
2015-08-28 10:32:58.255,0.727549
2015-08-28 10:32:58.259,0.727549
2015-08-28 10:32:58.305,0.745980
2015-08-28 10:32:58.308,0.745980
2015-08-28 10:32:58.355,0.716765
2015-08-28 10:32:58.358,0.716765
2015-08-28 10:32:58.404,0.697255
2015-08-28 10:32:58.407,0.697255
2015-08-28 10:32:58.456,0.755686
2015-08-28 10:32:58.460,0.755686
2015-08-28 10:32:58.508,0.736613
2015-08-28 10:32:58.510,0.736613
2015-08-28 10:32:58.557,0.736569
2015-08-28 10:32:58.560,0.736569
2015-08-28 10:32:58.607,0.773333
2015-08-28 10:32:58.610,0.773333
2015-08-28 10:32:58.657,0.716549
2015-08-28 10:32:58.659,0.716549
2015-08-28 10:32:58.706,0.717255
2015-08-28 10:32:58.708,0.717255
2015-08-28 10:32:58.754,0.739893
2015-08-28 10:32:58.757,0.739893
2015-08-28 10:32:58.804,0.738137
2015-08-28 10:32:58.806,0.738137
2015-08-28 10:32:58.852,0.727451
2015-08-28 10:32:58.855,0.727451
2015-08-28 10:32:58.902,0.772620
2015-08-28 10:32:58.905,0.772620
2015-08-28 10:32:58.951,0.762157
2015-08-28 10:32:58.954,0.762157
2015-08-28 10:32:59.000,0.732647
2015-08-28 10:32:59.002,0.732647
2015-08-28 10:32:59.050,0.779294
2015-08-28 10:32:59.053,0.779294
2015-08-28 10:32:59.101,0.772078
2015-08-28 10:32:59.103,0.772078
2015-08-28 10:32:59.149,0.724804
2015-08-28 10:32:59.151,0.724804
2015-08-28 10:32:59.199,0.738137
2015-08-28 10:32:59.201,0.738137
2015-08-28 10:32:59.247,0.719118
2015-08-28 10:32:59.249,0.719118
2015-08-28 10:32:59.296,0.739373
2015-08-28 10:32:59.298,0.739373
2015-08-28 10:32:59.344,0.777412
2015-08-28 10:32:59.347,0.777412
2015-08-28 10:32:59.393,0.720235
2015-08-28 10:32:59.395,0.720235
2015-08-28 10:32:59.440,0.769118
2015-08-28 10:32:59.443,0.769118
2015-08-28 10:32:59.489,0.731176
2015-08-28 10:32:59.491,0.731176
2015-08-28 10:32:59.538,0.694608
2015-08-28 10:32:59.541,0.694608
2015-08-28 10:32:59.587,0.712157
2015-08-28 10:32:59.591,0.712157
2015-08-28 10:32:59.637,0.690294
2015-08-28 10:32:59.640,0.690294
2015-08-28 10:32:59.686,0.733627
2015-08-28 10:32:59.690,0.733627
2015-08-28 10:32:59.736,0.718235
2015-08-28 10:32:59.739,0.718235
2015-08-28 10:32:59.786,0.727843
2015-08-28 10:32:59.790,0.727843
2015-08-28 10:32:59.836,0.746961
2015-08-28 10:32:59.839,0.746961
2015-08-28 10:32:59.886,0.744902
2015-08-28 10:32:59.890,0.744902
2015-08-28 10:32:59.936,0.691765
2015-08-28 10:32:59.939,0.691765
2015-08-28 10:32:59.985,0.755294
2015-08-28 10:32:59.989,0.755294
2015-08-28 10:33:00.049,0.743373
2015-08-28 10:33:00.052,0.743373
2015-08-28 10:33:00.099,0.754902
2015-08-28 10:33:00.102,0.754902
2015-08-28 10:33:00.151,0.780784
2015-08-28 10:33:00.155,0.780784
2015-08-28 10:33:00.201,0.758529
2015-08-28 10:33:00.204,0.758529
2015-08-28 10:33:00.251,0.753529
2015-08-28 10:33:00.253,0.753529
2015-08-28 10:33:00.300,0.693137
2015-08-28 10:33:00.302,0.693137
2015-08-28 10:33:00.349,0.747059
2015-08-28 10:33:00.351,0.747059
2015-08-28 10:33:00.397,0.698824
2015-08-28 10:33:00.400,0.698824
2015-08-28 10:33:00.446,0.719314
2015-08-28 10:33:00.448,0.719314
2015-08-28 10:33:00.494,0.750392
2015-08-28 10:33:00.497,0.750392
2015-08-28 10:33:00.543,0.713725
2015-08-28 10:33:00.545,0.713725
2015-08-28 10:33:00.592,0.744412
2015-08-28 10:33:00.595,0.744412
2015-08-28 10:33:00.640,0.754118
2015-08-28 10:33:00.642,0.754118
2015-08-28 10:33:00.688,0.750294
2015-08-28 10:33:00.690,0.750294
2015-08-28 10:33:00.737,0.755980
2015-08-28 10:33:00.739,0.755980
2015-08-28 10:33:00.785,0.693725
2015-08-28 10:33:00.789,0.693725
2015-08-28 10:33:00.836,0.754118
2015-08-28 10:33:00.838,0.754118
2015-08-28 10:33:00.884,0.716667
2015-08-28 10:33:00.887,0.716667
2015-08-28 10:33:00.933,0.720196
2015-08-28 10:33:00.935,0.720196
2015-08-28 10:33:00.981,0.736176
2015-08-28 10:33:00.983,0.736176
2015-08-28 10:33:01.031,0.711961
2015-08-28 10:33:01.033,0.711961
2015-08-28 10:33:01.080,0.773137
2015-08-28 10:33:01.083,0.773137
2015-08-28 10:33:01.129,0.766961
2015-08-28 10:33:01.131,0.766961
2015-08-28 10:33:01.179,0.768529
2015-08-28 10:33:01.182,0.768529
2015-08-28 10:33:01.228,0.701667
2015-08-28 10:33:01.231,0.701667
2015-08-28 10:33:01.279,0.732647
2015-08-28 10:33:01.282,0.732647
2015-08-28 10:33:01.328,0.753333
2015-08-28 10:33:01.331,0.753333
2015-08-28 10:33:01.376,0.735098
2015-08-28 10:33:01.379,0.735098
2015-08-28 10:33:01.426,0.751765
2015-08-28 10:33:01.429,0.751765
2015-08-28 10:33:01.474,0.699510
2015-08-28 10:33:01.477,0.699510
2015-08-28 10:33:01.522,0.711373
2015-08-28 10:33:01.525,0.711373
2015-08-28 10:33:01.571,0.755784
2015-08-28 10:33:01.574,0.755784
2015-08-28 10:33:01.621,0.776569
2015-08-28 10:33:01.624,0.776569
2015-08-28 10:33:01.670,0.757745
2015-08-28 10:33:01.672,0.757745
2015-08-28 10:33:01.718,0.740294
2015-08-28 10:33:01.721,0.740294
2015-08-28 10:33:01.767,0.716961
2015-08-28 10:33:01.769,0.716961
2015-08-28 10:33:01.817,0.754804
2015-08-28 10:33:01.819,0.754804
2015-08-28 10:33:01.866,0.749510
2015-08-28 10:33:01.868,0.749510
2015-08-28 10:33:01.914,0.718039
2015-08-28 10:33:01.917,0.718039
2015-08-28 10:33:01.964,0.697353
2015-08-28 10:33:01.966,0.697353
2015-08-28 10:33:02.018,0.695196
2015-08-28 10:33:02.021,0.695196
2015-08-28 10:33:02.068,0.750980
2015-08-28 10:33:02.071,0.750980
2015-08-28 10:33:02.118,0.749216
2015-08-28 10:33:02.122,0.749216
2015-08-28 10:33:02.169,0.758529
2015-08-28 10:33:02.172,0.758529
2015-08-28 10:33:02.218,0.698235
2015-08-28 10:33:02.221,0.698235
2015-08-28 10:33:02.268,0.739020
2015-08-28 10:33:02.271,0.739020
2015-08-28 10:33:02.319,0.697255
2015-08-28 10:33:02.322,0.697255
2015-08-28 10:33:02.373,0.763627
2015-08-28 10:33:02.376,0.763627
2015-08-28 10:33:02.423,0.725255
2015-08-28 10:33:02.426,0.725255
2015-08-28 10:33:02.473,0.728333
2015-08-28 10:33:02.476,0.728333
2015-08-28 10:33:02.524,0.762059
2015-08-28 10:33:02.526,0.762059
2015-08-28 10:33:02.572,0.738431
2015-08-28 10:33:02.574,0.738431
2015-08-28 10:33:02.620,0.754020
2015-08-28 10:33:02.623,0.754020
2015-08-28 10:33:02.670,0.763333
2015-08-28 10:33:02.673,0.763333
2015-08-28 10:33:02.720,0.721078
2015-08-28 10:33:02.722,0.721078
2015-08-28 10:33:02.769,0.739510
2015-08-28 10:33:02.772,0.739510
2015-08-28 10:33:02.820,0.711667
2015-08-28 10:33:02.823,0.711667
2015-08-28 10:33:02.869,0.745490
2015-08-28 10:33:02.871,0.745490
2015-08-28 10:33:02.919,0.730980
2015-08-28 10:33:02.921,0.730980
2015-08-28 10:33:02.967,0.723529
2015-08-28 10:33:02.969,0.723529
2015-08-28 10:33:03.016,0.713922
2015-08-28 10:33:03.019,0.713922
2015-08-28 10:33:03.065,0.693235
2015-08-28 10:33:03.067,0.693235
2015-08-28 10:33:03.113,0.779020
2015-08-28 10:33:03.115,0.779020
2015-08-28 10:33:03.162,0.735000
2015-08-28 10:33:03.164,0.735000
2015-08-28 10:33:03.210,0.743686
2015-08-28 10:33:03.212,0.743686
2015-08-28 10:33:03.259,0.752059
2015-08-28 10:33:03.261,0.752059
2015-08-28 10:33:03.306,0.753529
2015-08-28 10:33:03.309,0.753529
2015-08-28 10:33:03.355,0.700196
2015-08-28 10:33:03.357,0.700196
2015-08-28 10:33:03.403,0.761078
2015-08-28 10:33:03.405,0.761078
2015-08-28 10:33:03.452,0.758627
2015-08-28 10:33:03.455,0.758627
2015-08-28 10:33:03.501,0.721961
2015-08-28 10:33:03.503,0.721961
2015-08-28 10:33:03.550,0.733039
2015-08-28 10:33:03.552,0.733039
2015-08-28 10:33:03.599,0.739118
2015-08-28 10:33:03.601,0.739118
2015-08-28 10:33:03.647,0.755784
2015-08-28 10:33:03.649,0.755784
2015-08-28 10:33:03.696,0.751961
2015-08-28 10:33:03.698,0.751961
2015-08-28 10:33:03.744,0.709608
2015-08-28 10:33:03.746,0.709608
2015-08-28 10:33:03.793,0.730882
2015-08-28 10:33:03.795,0.730882
2015-08-28 10:33:03.840,0.697255
2015-08-28 10:33:03.843,0.697255
2015-08-28 10:33:03.889,0.760294
2015-08-28 10:33:03.891,0.760294
2015-08-28 10:33:03.939,0.749608
2015-08-28 10:33:03.941,0.749608
2015-08-28 10:33:03.987,0.766765
2015-08-28 10:33:03.989,0.766765
2015-08-28 10:33:04.037,0.761961
2015-08-28 10:33:04.039,0.761961
2015-08-28 10:33:04.086,0.698431
2015-08-28 10:33:04.088,0.698431
2015-08-28 10:33:04.135,0.760784
2015-08-28 10:33:04.137,0.760784
2015-08-28 10:33:04.185,0.717059
2015-08-28 10:33:04.187,0.717059
2015-08-28 10:33:04.233,0.760588
2015-08-28 10:33:04.236,0.760588
2015-08-28 10:33:04.283,0.758725
2015-08-28 10:33:04.286,0.758725
2015-08-28 10:33:04.332,0.699020
2015-08-28 10:33:04.334,0.699020
2015-08-28 10:33:04.381,0.721373
2015-08-28 10:33:04.383,0.721373
2015-08-28 10:33:04.429,0.730294
2015-08-28 10:33:04.432,0.730294
2015-08-28 10:33:04.478,0.757059
2015-08-28 10:33:04.480,0.757059
2015-08-28 10:33:04.527,0.752647
2015-08-28 10:33:04.529,0.752647
2015-08-28 10:33:04.576,0.757157
2015-08-28 10:33:04.578,0.757157
2015-08-28 10:33:04.624,0.754216
2015-08-28 10:33:04.626,0.754216
2015-08-28 10:33:04.672,0.699020
2015-08-28 10:33:04.675,0.699020
2015-08-28 10:33:04.720,0.694444
2015-08-28 10:33:04.723,0.694444
2015-08-28 10:33:04.769,0.694118
2015-08-28 10:33:04.771,0.694118
2015-08-28 10:33:04.819,0.757549
2015-08-28 10:33:04.821,0.757549
2015-08-28 10:33:04.868,0.731373
2015-08-28 10:33:04.870,0.731373
2015-08-28 10:33:04.918,0.729608
2015-08-28 10:33:04.920,0.729608
2015-08-28 10:33:04.966,0.702255
2015-08-28 10:33:04.968,0.702255
2015-08-28 10:33:05.015,0.763039
2015-08-28 10:33:05.018,0.763039
2015-08-28 10:33:05.064,0.701275
2015-08-28 10:33:05.067,0.701275
2015-08-28 10:33:05.116,0.765588
2015-08-28 10:33:05.118,0.765588
2015-08-28 10:33:05.165,0.769608
2015-08-28 10:33:05.167,0.769608
2015-08-28 10:33:05.213,0.728627
2015-08-28 10:33:05.215,0.728627
2015-08-28 10:33:05.261,0.769706
2015-08-28 10:33:05.264,0.769706
2015-08-28 10:33:05.310,0.706078
2015-08-28 10:33:05.312,0.706078
2015-08-28 10:33:05.358,0.770686
2015-08-28 10:33:05.360,0.770686
2015-08-28 10:33:05.406,0.722843
2015-08-28 10:33:05.408,0.722843
2015-08-28 10:33:05.455,0.704902
2015-08-28 10:33:05.458,0.704902
2015-08-28 10:33:05.504,0.742647
2015-08-28 10:33:05.506,0.742647
2015-08-28 10:33:05.552,0.768706
2015-08-28 10:33:05.555,0.768706
2015-08-28 10:33:05.601,0.758902
2015-08-28 10:33:05.603,0.758902
2015-08-28 10:33:05.650,0.730353
2015-08-28 10:33:05.652,0.730353
2015-08-28 10:33:05.699,0.720000
2015-08-28 10:33:05.701,0.720000
2015-08-28 10:33:05.747,0.767745
2015-08-28 10:33:05.750,0.767745
2015-08-28 10:33:05.797,0.726667
2015-08-28 10:33:05.799,0.726667
2015-08-28 10:33:05.846,0.726471
2015-08-28 10:33:05.848,0.726471
2015-08-28 10:33:05.896,0.745294
2015-08-28 10:33:05.899,0.745294
2015-08-28 10:33:05.945,0.765882
2015-08-28 10:33:05.948,0.765882
2015-08-28 10:33:05.996,0.716667
2015-08-28 10:33:05.998,0.716667
2015-08-28 10:33:06.047,0.743431
2015-08-28 10:33:06.051,0.743431
2015-08-28 10:33:06.098,0.765098
2015-08-28 10:33:06.101,0.765098
2015-08-28 10:33:06.149,0.722647
2015-08-28 10:33:06.152,0.722647
2015-08-28 10:33:06.199,0.769216
2015-08-28 10:33:06.202,0.769216
2015-08-28 10:33:06.250,0.724608
2015-08-28 10:33:06.253,0.724608
2015-08-28 10:33:06.300,0.764412
2015-08-28 10:33:06.303,0.764412
2015-08-28 10:33:06.351,0.771373
2015-08-28 10:33:06.354,0.771373
2015-08-28 10:33:06.400,0.765490
2015-08-28 10:33:06.403,0.765490
2015-08-28 10:33:06.451,0.768529
2015-08-28 10:33:06.453,0.768529
2015-08-28 10:33:06.500,0.770153
2015-08-28 10:33:06.503,0.770153
2015-08-28 10:33:06.550,0.703431
2015-08-28 10:33:06.553,0.703431
2015-08-28 10:33:06.599,0.694608
2015-08-28 10:33:06.602,0.694608
2015-08-28 10:33:06.647,0.696187
2015-08-28 10:33:06.650,0.696187
2015-08-28 10:33:06.696,0.742451
2015-08-28 10:33:06.698,0.742451
2015-08-28 10:33:06.745,0.696176
2015-08-28 10:33:06.747,0.696176
2015-08-28 10:33:06.794,0.717451
2015-08-28 10:33:06.797,0.717451
2015-08-28 10:33:06.843,0.702451
2015-08-28 10:33:06.846,0.702451
2015-08-28 10:33:06.892,0.740980
2015-08-28 10:33:06.894,0.740980
2015-08-28 10:33:06.941,0.772549
2015-08-28 10:33:06.943,0.772549
2015-08-28 10:33:06.990,0.767745
2015-08-28 10:33:06.992,0.767745
2015-08-28 10:33:07.040,0.767941
2015-08-28 10:33:07.042,0.767941
2015-08-28 10:33:07.090,0.762941
2015-08-28 10:33:07.092,0.762941
2015-08-28 10:33:07.140,0.742549
2015-08-28 10:33:07.142,0.742549
2015-08-28 10:33:07.189,0.765784
2015-08-28 10:33:07.192,0.765784
2015-08-28 10:33:07.238,0.743627
2015-08-28 10:33:07.240,0.743627
2015-08-28 10:33:07.286,0.718529
2015-08-28 10:33:07.289,0.718529
2015-08-28 10:33:07.336,0.706765
2015-08-28 10:33:07.338,0.706765
2015-08-28 10:33:07.385,0.763039
2015-08-28 10:33:07.387,0.763039
2015-08-28 10:33:07.434,0.761765
2015-08-28 10:33:07.437,0.761765
2015-08-28 10:33:07.483,0.741078
2015-08-28 10:33:07.486,0.741078
2015-08-28 10:33:07.532,0.761490
2015-08-28 10:33:07.535,0.761490
2015-08-28 10:33:07.581,0.702510
2015-08-28 10:33:07.584,0.702510
2015-08-28 10:33:07.630,0.744706
2015-08-28 10:33:07.633,0.744706
2015-08-28 10:33:07.680,0.694216
2015-08-28 10:33:07.683,0.694216
2015-08-28 10:33:07.729,0.717059
2015-08-28 10:33:07.732,0.717059
2015-08-28 10:33:07.779,0.757157
2015-08-28 10:33:07.782,0.757157
2015-08-28 10:33:07.830,0.758824
2015-08-28 10:33:07.833,0.758824
2015-08-28 10:33:07.880,0.725412
2015-08-28 10:33:07.884,0.725412
2015-08-28 10:33:07.930,0.715294
2015-08-28 10:33:07.933,0.715294
2015-08-28 10:33:07.980,0.754902
2015-08-28 10:33:07.984,0.754902
2015-08-28 10:33:08.030,0.696863
2015-08-28 10:33:08.033,0.696863
2015-08-28 10:33:08.080,0.699346
2015-08-28 10:33:08.083,0.699346
2015-08-28 10:33:08.130,0.698235
2015-08-28 10:33:08.133,0.698235
2015-08-28 10:33:08.180,0.720196
2015-08-28 10:33:08.183,0.720196
2015-08-28 10:33:08.230,0.699891
2015-08-28 10:33:08.233,0.699891
2015-08-28 10:33:08.282,0.762255
2015-08-28 10:33:08.285,0.762255
2015-08-28 10:33:08.332,0.698584
2015-08-28 10:33:08.334,0.698584
2015-08-28 10:33:08.380,0.741667
2015-08-28 10:33:08.383,0.741667
2015-08-28 10:33:08.430,0.718824
2015-08-28 10:33:08.433,0.718824
2015-08-28 10:33:08.479,0.765196
2015-08-28 10:33:08.483,0.765196
2015-08-28 10:33:08.529,0.697495
2015-08-28 10:33:08.532,0.697495
2015-08-28 10:33:08.579,0.727647
2015-08-28 10:33:08.582,0.727647
2015-08-28 10:33:08.630,0.776863
2015-08-28 10:33:08.632,0.776863
2015-08-28 10:33:08.679,0.731471
2015-08-28 10:33:08.682,0.731471
2015-08-28 10:33:08.729,0.721667
2015-08-28 10:33:08.733,0.721667
2015-08-28 10:33:08.779,0.700882
2015-08-28 10:33:08.782,0.700882
2015-08-28 10:33:08.829,0.748333
2015-08-28 10:33:08.832,0.748333
2015-08-28 10:33:08.878,0.726765
2015-08-28 10:33:08.881,0.726765
2015-08-28 10:33:08.927,0.706078
2015-08-28 10:33:08.929,0.706078
2015-08-28 10:33:08.975,0.748725
2015-08-28 10:33:08.977,0.748725
2015-08-28 10:33:09.025,0.722745
2015-08-28 10:33:09.027,0.722745
2015-08-28 10:33:09.074,0.773333
2015-08-28 10:33:09.077,0.773333
2015-08-28 10:33:09.124,0.723725
2015-08-28 10:33:09.126,0.723725
2015-08-28 10:33:09.173,0.720642
2015-08-28 10:33:09.176,0.720642
2015-08-28 10:33:09.223,0.737725
2015-08-28 10:33:09.225,0.737725
2015-08-28 10:33:09.271,0.765255
2015-08-28 10:33:09.273,0.765255
2015-08-28 10:33:09.320,0.700588
2015-08-28 10:33:09.322,0.700588
2015-08-28 10:33:09.370,0.714804
2015-08-28 10:33:09.373,0.714804
2015-08-28 10:33:09.419,0.714020
2015-08-28 10:33:09.422,0.714020
2015-08-28 10:33:09.468,0.716961
2015-08-28 10:33:09.471,0.716961
2015-08-28 10:33:09.517,0.711471
2015-08-28 10:33:09.520,0.711471
2015-08-28 10:33:09.567,0.716471
2015-08-28 10:33:09.569,0.716471
2015-08-28 10:33:09.616,0.757353
2015-08-28 10:33:09.619,0.757353
2015-08-28 10:33:09.666,0.755392
2015-08-28 10:33:09.669,0.755392
2015-08-28 10:33:09.716,0.691863
2015-08-28 10:33:09.720,0.691863
2015-08-28 10:33:09.766,0.756863
2015-08-28 10:33:09.769,0.756863
2015-08-28 10:33:09.815,0.760566
2015-08-28 10:33:09.818,0.760566
2015-08-28 10:33:09.864,0.723094
2015-08-28 10:33:09.867,0.723094
2015-08-28 10:33:09.914,0.762963
2015-08-28 10:33:09.916,0.762963
2015-08-28 10:33:09.963,0.699314
2015-08-28 10:33:09.965,0.699314
2015-08-28 10:33:10.011,0.703137
2015-08-28 10:33:10.014,0.703137
2015-08-28 10:33:10.060,0.723431
2015-08-28 10:33:10.063,0.723431
2015-08-28 10:33:10.111,0.724902
2015-08-28 10:33:10.113,0.724902
2015-08-28 10:33:10.160,0.755392
2015-08-28 10:33:10.163,0.755392
2015-08-28 10:33:10.209,0.773824
2015-08-28 10:33:10.211,0.773824
2015-08-28 10:33:10.257,0.706667
2015-08-28 10:33:10.260,0.706667
2015-08-28 10:33:10.305,0.700686
2015-08-28 10:33:10.307,0.700686
2015-08-28 10:33:10.355,0.720370
2015-08-28 10:33:10.357,0.720370
2015-08-28 10:33:10.403,0.696732
2015-08-28 10:33:10.406,0.696732
2015-08-28 10:33:10.452,0.769804
2015-08-28 10:33:10.455,0.769804
2015-08-28 10:33:10.501,0.768039
2015-08-28 10:33:10.504,0.768039
2015-08-28 10:33:10.550,0.748157
2015-08-28 10:33:10.553,0.748157
2015-08-28 10:33:10.600,0.709216
2015-08-28 10:33:10.603,0.709216
2015-08-28 10:33:10.652,0.744216
2015-08-28 10:33:10.654,0.744216
2015-08-28 10:33:10.702,0.740314
2015-08-28 10:33:10.704,0.740314
2015-08-28 10:33:10.751,0.731667
2015-08-28 10:33:10.754,0.731667
2015-08-28 10:33:10.801,0.729961
2015-08-28 10:33:10.804,0.729961
2015-08-28 10:33:10.852,0.705392
2015-08-28 10:33:10.855,0.705392
2015-08-28 10:33:10.901,0.777745
2015-08-28 10:33:10.904,0.777745
2015-08-28 10:33:10.951,0.712157
2015-08-28 10:33:10.954,0.712157
2015-08-28 10:33:11.000,0.753725
2015-08-28 10:33:11.002,0.753725
2015-08-28 10:33:11.053,0.770588
2015-08-28 10:33:11.055,0.770588
2015-08-28 10:33:11.102,0.736078
2015-08-28 10:33:11.105,0.736078
2015-08-28 10:33:11.152,0.751765
2015-08-28 10:33:11.155,0.751765
2015-08-28 10:33:11.201,0.733235
2015-08-28 10:33:11.204,0.733235
2015-08-28 10:33:11.251,0.768314
2015-08-28 10:33:11.254,0.768314
2015-08-28 10:33:11.300,0.701667
2015-08-28 10:33:11.303,0.701667
2015-08-28 10:33:11.351,0.710490
2015-08-28 10:33:11.354,0.710490
2015-08-28 10:33:11.400,0.766980
2015-08-28 10:33:11.403,0.766980
2015-08-28 10:33:11.449,0.764706
2015-08-28 10:33:11.452,0.764706
2015-08-28 10:33:11.499,0.756176
2015-08-28 10:33:11.501,0.756176
2015-08-28 10:33:11.547,0.728922
2015-08-28 10:33:11.549,0.728922
2015-08-28 10:33:11.596,0.749804
2015-08-28 10:33:11.598,0.749804
2015-08-28 10:33:11.644,0.772157
2015-08-28 10:33:11.647,0.772157
2015-08-28 10:33:11.692,0.763039
2015-08-28 10:33:11.694,0.763039
2015-08-28 10:33:11.741,0.776176
2015-08-28 10:33:11.743,0.776176
2015-08-28 10:33:11.790,0.709608
2015-08-28 10:33:11.792,0.709608
2015-08-28 10:33:11.838,0.779314
2015-08-28 10:33:11.841,0.779314
2015-08-28 10:33:11.888,0.771373
2015-08-28 10:33:11.891,0.771373
2015-08-28 10:33:11.937,0.751961
2015-08-28 10:33:11.939,0.751961
2015-08-28 10:33:11.987,0.747549
2015-08-28 10:33:11.989,0.747549
2015-08-28 10:33:12.036,0.728529
2015-08-28 10:33:12.038,0.728529
2015-08-28 10:33:12.086,0.769804
2015-08-28 10:33:12.088,0.769804
2015-08-28 10:33:12.135,0.772549
2015-08-28 10:33:12.137,0.772549
2015-08-28 10:33:12.183,0.726863
2015-08-28 10:33:12.185,0.726863
2015-08-28 10:33:12.231,0.774314
2015-08-28 10:33:12.234,0.774314
2015-08-28 10:33:12.280,0.769020
2015-08-28 10:33:12.282,0.769020
2015-08-28 10:33:12.329,0.700294
2015-08-28 10:33:12.332,0.700294
2015-08-28 10:33:12.379,0.769706
2015-08-28 10:33:12.381,0.769706
2015-08-28 10:33:12.428,0.716176
2015-08-28 10:33:12.430,0.716176
2015-08-28 10:33:12.476,0.763824
2015-08-28 10:33:12.479,0.763824
2015-08-28 10:33:12.524,0.765490
2015-08-28 10:33:12.527,0.765490
2015-08-28 10:33:12.574,0.714804
2015-08-28 10:33:12.577,0.714804
2015-08-28 10:33:12.623,0.745686
2015-08-28 10:33:12.625,0.745686
2015-08-28 10:33:12.670,0.748725
2015-08-28 10:33:12.672,0.748725
2015-08-28 10:33:12.719,0.708021
2015-08-28 10:33:12.721,0.708021
2015-08-28 10:33:12.767,0.731373
2015-08-28 10:33:12.770,0.731373
2015-08-28 10:33:12.815,0.711471
2015-08-28 10:33:12.818,0.711471
2015-08-28 10:33:12.864,0.754118
2015-08-28 10:33:12.867,0.754118
2015-08-28 10:33:12.913,0.768725
2015-08-28 10:33:12.916,0.768725
2015-08-28 10:33:12.961,0.736961
2015-08-28 10:33:12.964,0.736961
2015-08-28 10:33:13.013,0.730392
2015-08-28 10:33:13.016,0.730392
2015-08-28 10:33:13.061,0.715468
2015-08-28 10:33:13.064,0.715468
2015-08-28 10:33:13.109,0.780065
2015-08-28 10:33:13.113,0.780065
2015-08-28 10:33:13.158,0.717059
2015-08-28 10:33:13.160,0.717059
2015-08-28 10:33:13.207,0.789869
2015-08-28 10:33:13.211,0.789869
2015-08-28 10:33:13.255,0.722353
2015-08-28 10:33:13.258,0.722353
2015-08-28 10:33:13.306,0.745098
2015-08-28 10:33:13.309,0.745098
2015-08-28 10:33:13.357,0.790523
2015-08-28 10:33:13.360,0.790523
2015-08-28 10:33:13.405,0.744444
2015-08-28 10:33:13.408,0.744444
2015-08-28 10:33:13.454,0.727996
2015-08-28 10:33:13.456,0.727996
2015-08-28 10:33:13.501,0.732244
2015-08-28 10:33:13.503,0.732244
2015-08-28 10:33:13.549,0.724837
2015-08-28 10:33:13.551,0.724837
2015-08-28 10:33:13.598,0.748257
2015-08-28 10:33:13.601,0.748257
2015-08-28 10:33:13.647,0.737364
2015-08-28 10:33:13.649,0.737364
2015-08-28 10:33:13.694,0.744009
2015-08-28 10:33:13.696,0.744009
2015-08-28 10:33:13.742,0.759804
2015-08-28 10:33:13.746,0.759804
2015-08-28 10:33:13.791,0.758824
2015-08-28 10:33:13.793,0.758824
2015-08-28 10:33:13.840,0.737908
2015-08-28 10:33:13.844,0.737908
2015-08-28 10:33:13.890,0.805229
2015-08-28 10:33:13.892,0.805229
2015-08-28 10:33:13.939,0.799877
2015-08-28 10:33:13.942,0.799877
2015-08-28 10:33:13.988,0.745425
2015-08-28 10:33:13.990,0.745425
2015-08-28 10:33:14.037,0.782026
2015-08-28 10:33:14.039,0.782026
2015-08-28 10:33:14.085,0.803799
2015-08-28 10:33:14.087,0.803799
2015-08-28 10:33:14.134,0.730283
2015-08-28 10:33:14.136,0.730283
2015-08-28 10:33:14.182,0.736710
2015-08-28 10:33:14.184,0.736710
2015-08-28 10:33:14.229,0.783456
2015-08-28 10:33:14.232,0.783456
2015-08-28 10:33:14.278,0.771078
2015-08-28 10:33:14.282,0.771078
2015-08-28 10:33:14.328,0.694118
2015-08-28 10:33:14.332,0.694118
2015-08-28 10:33:14.379,0.745098
2015-08-28 10:33:14.382,0.745098
2015-08-28 10:33:14.429,0.720588
2015-08-28 10:33:14.432,0.720588
2015-08-28 10:33:14.476,0.683660
2015-08-28 10:33:14.479,0.683660
2015-08-28 10:33:14.525,0.745425
2015-08-28 10:33:14.528,0.745425
2015-08-28 10:33:14.574,0.693791
2015-08-28 10:33:14.578,0.693791
2015-08-28 10:33:14.623,0.701961
2015-08-28 10:33:14.626,0.701961
2015-08-28 10:33:14.672,0.717834
2015-08-28 10:33:14.675,0.717834
2015-08-28 10:33:14.721,0.722549
2015-08-28 10:33:14.725,0.722549
2015-08-28 10:33:14.769,0.728922
2015-08-28 10:33:14.772,0.728922
2015-08-28 10:33:14.818,0.699533
2015-08-28 10:33:14.821,0.699533
2015-08-28 10:33:14.866,0.794444
2015-08-28 10:33:14.868,0.794444
2015-08-28 10:33:14.913,0.691503
2015-08-28 10:33:14.916,0.691503
2015-08-28 10:33:14.960,0.659314
2015-08-28 10:33:14.963,0.659314
2015-08-28 10:33:15.007,0.665850
2015-08-28 10:33:15.010,0.665850
2015-08-28 10:33:15.054,0.685341
2015-08-28 10:33:15.056,0.685341
2015-08-28 10:33:15.101,0.703828
2015-08-28 10:33:15.103,0.703828
2015-08-28 10:33:15.150,0.705556
2015-08-28 10:33:15.152,0.705556
2015-08-28 10:33:15.195,0.678268
2015-08-28 10:33:15.198,0.678268
2015-08-28 10:33:15.241,0.632516
2015-08-28 10:33:15.245,0.632516
2015-08-28 10:33:15.287,0.718954
2015-08-28 10:33:15.290,0.718954
2015-08-28 10:33:15.334,0.708310
2015-08-28 10:33:15.337,0.708310
2015-08-28 10:33:15.382,0.746078
2015-08-28 10:33:15.384,0.746078
2015-08-28 10:33:15.428,0.791597
2015-08-28 10:33:15.431,0.791597
2015-08-28 10:33:15.474,0.639052
2015-08-28 10:33:15.476,0.639052
2015-08-28 10:33:15.521,0.739309
2015-08-28 10:33:15.524,0.739309
2015-08-28 10:33:15.568,0.780952
2015-08-28 10:33:15.570,0.780952
2015-08-28 10:33:15.615,0.739683
2015-08-28 10:33:15.618,0.739683
2015-08-28 10:33:15.663,0.668954
2015-08-28 10:33:15.666,0.668954
2015-08-28 10:33:15.711,0.675654
2015-08-28 10:33:15.713,0.675654
2015-08-28 10:33:15.757,0.626797
2015-08-28 10:33:15.760,0.626797
2015-08-28 10:33:15.805,0.649346
2015-08-28 10:33:15.808,0.649346
2015-08-28 10:33:15.854,0.697106
2015-08-28 10:33:15.856,0.697106
2015-08-28 10:33:15.902,0.710131
2015-08-28 10:33:15.904,0.710131
2015-08-28 10:33:15.950,0.674883
2015-08-28 10:33:15.952,0.674883
2015-08-28 10:33:15.997,0.690359
2015-08-28 10:33:16.000,0.690359
2015-08-28 10:33:16.049,0.679552
2015-08-28 10:33:16.051,0.679552
2015-08-28 10:33:16.095,0.638469
2015-08-28 10:33:16.098,0.638469
2015-08-28 10:33:16.143,0.651167
2015-08-28 10:33:16.145,0.651167
2015-08-28 10:33:16.189,0.650607
2015-08-28 10:33:16.192,0.650607
